,Artist,Song_Count,First_Year,Last_Year,Career_Span
0,  the mysterians,1,1966,1966,1
1,100 proof aged in soul,1,1970,1970,1
2,10000 maniacs,1,1994,1994,1
3,10cc,2,1975,1977,3
4,112,3,1997,2001,5
5,112 featuring foxy brown,1,2005,2005,1
6,112 featuring lil zane,1,1999,1999,1
7,112 featuring the notorious big and mase,1,1996,1996,1
8,1910 fruitgum company,3,1968,1969,2
9,2 chainz,1,2013,2013,1
10,2 chainz featuring drake,1,2012,2012,1
11,2 pistols featuring tpain and tay dizm,1,2008,2008,1
12,20 fingers featuring gillette,1,1995,1995,1
13,2pac,4,1993,2003,11
14,2pac featuring eric williams,1,1998,1998,1
15,2pac featuring kci  jojo  featuring dr dre,1,1996,1996,1
16,3 doors down,8,2000,2008,9
17,38 special,2,1982,1989,8
18,3lw,1,2001,2001,1
19,3oh3,1,2009,2009,1
20,3oh3 featuring keha,1,2010,2010,1
21,3t,1,1996,1996,1
22,4 non blondes,1,1993,1993,1
23,4:00 PM,1,1995,1995,1
24,5 seconds of summer,2,2014,2014,1
25,50 cent,5,2003,2005,3
26,50 cent featuring justin timberlake and timbaland,1,2007,2007,1
27,50 cent featuring mobb deep,1,2005,2005,1
28,50 cent featuring nate dogg,1,2003,2003,1
29,50 cent featuring olivia,1,2005,2005,1
30,69 boyz,2,1994,1995,2
31,702,2,1997,1999,3
32,8th day,1,1971,1971,1
33,95 south,1,1993,1993,1
34,98 degrees,6,1997,2000,4
35,a flock of seagulls,1,1982,1982,1
36,a great big world and christina aguilera,1,2014,2014,1
37,a taste of honey,2,1978,1981,4
38,aaliyah,11,1994,2003,10
39,aaron hall,1,1994,1994,1
40,aaron neville,2,1967,1991,25
41,abba,6,1974,1981,8
42,abc,2,1985,1987,3
43,ace,1,1975,1975,1
44,ace frehley,1,1979,1979,1
45,ace hood featuring future and rick ross,1,2013,2013,1
46,ace of base,6,1993,1998,6
47,adam ant,1,1983,1983,1
48,adam clayton and larry mullen,1,1996,1996,1
49,adam lambert,1,2010,2010,1
50,adele,7,2011,2015,5
51,adina howard,1,1995,1995,1
52,aerosmith,12,1976,2001,26
53,after 7,3,1990,1995,6
54,after the fire,1,1983,1983,1
55,aha,1,1985,1985,1
56,ahmad,1,1994,1994,1
57,air supply,8,1980,1983,4
58,akon,3,2005,2009,5
59,akon featuring colby odonis and kardinal offishall,1,2009,2009,1
60,akon featuring eminem,2,2006,2007,2
61,akon featuring snoop dogg,1,2007,2007,1
62,akon featuring styles p,1,2004,2004,1
63,al b sure,1,1988,1988,1
64,al green,6,1971,1975,5
65,al stewart,2,1977,1979,3
66,al wilson,1,1974,1974,1
67,alabama,2,1981,1982,2
68,alabama and n sync,1,1999,1999,1
69,alan jackson,3,2002,2004,3
70,alan jackson featuring jimmy buffett,1,2003,2003,1
71,alan oday,1,1977,1977,1
72,alanis morissette,3,1996,2002,7
73,alannah myles,1,1990,1990,1
74,albert hammond,1,1973,1973,1
75,alessia cara,1,2015,2015,1
76,alex clare,1,2012,2012,1
77,alice cooper,6,1972,1989,18
78,alice deejay,1,2000,2000,1
79,alicia bridges,2,1978,1979,2
80,alicia keys,11,2001,2013,13
81,alicia keys featuring tony toni tone,1,2004,2004,1
82,alive n kickin,1,1970,1970,1
83,all saints,1,1998,1998,1
84,all4one,3,1994,1995,2
85,allen kriskris allen,1,2010,2010,1
86,allure featuring 112,2,1997,1998,2
87,aloe blacc,1,2014,2014,1
88,amanda perez,1,2003,2003,1
89,amazing rhythm aces,1,1975,1975,1
90,amber,1,1996,1996,1
91,ambrosia,2,1979,1980,2
92,ame lorain,1,1990,1990,1
93,america,4,1972,1982,11
94,american authors,1,2014,2014,1
95,amerie,1,2005,2005,1
96,amii stewart,1,1979,1979,1
97,amy grant,5,1991,1992,2
98,amy winehouse,1,2007,2007,1
99,andrea true connection,1,1976,1976,1
100,andrew gold,1,1977,1977,1
101,andy gibb,7,1977,1981,5
102,andy grammer,1,2015,2015,1
103,andy kim,2,1969,1974,6
104,andy williams,1,1971,1971,1
105,angie martinez featuring lil mo and sacario,1,2002,2002,1
106,animotion,1,1985,1985,1
107,anita baker,2,1986,1989,4
108,anita ward,1,1979,1979,1
109,ann wilson and robin zander,1,1989,1989,1
110,anna kendrick,1,2013,2013,1
111,anne murray,8,1970,1980,11
112,annie lennox,1,1995,1995,1
113,another bad creation,1,1991,1991,1
114,apollo 100,1,1972,1972,1
115,aqua,1,1997,1997,1
116,arcadia,1,1986,1986,1
117,archie bell  the drells,1,1968,1968,1
118,aretha franklin,14,1967,1998,32
119,aretha franklin and george michael,1,1987,1987,1
120,argent,1,1972,1972,1
121,ariana grande,1,2015,2015,1
122,ariana grande and the weeknd,1,2015,2015,1
123,ariana grande featuring iggy azalea,1,2014,2014,1
124,ariana grande featuring mac miller,1,2013,2013,1
125,ariana grande featuring zedd,1,2014,2014,1
126,arlo guthrie,1,1972,1972,1
127,arrested development,3,1992,1993,2
128,arthur conley,1,1967,1967,1
129,asap rocky featuring drake 2 chainz and kendrick lamar,1,2013,2013,1
130,ashanti,5,2002,2003,2
131,asher roth,1,2009,2009,1
132,ashford  simpson,1,1985,1985,1
133,ashlee simpson,1,2004,2004,1
134,asia,2,1982,1983,2
135,atlanta rhythm section,2,1977,1978,2
136,atlantic starr,3,1986,1992,7
137,audioslave,1,2003,2003,1
138,avant,1,2000,2000,1
139,avant featuring snoop dogg,1,2004,2004,1
140,average white band,2,1975,1975,1
141,avicii,3,2013,2014,2
142,avril lavigne,8,2002,2011,10
143,awolnation,1,2013,2013,1
144,az,1,1995,1995,1
145,az yet,2,1996,1997,2
146,az yet featuring peter cetera,1,1997,1997,1
147,b2k,1,2002,2002,1
148,b2k and p diddy,1,2003,2003,1
149,baauer,1,2013,2013,1
150,baby bash featuring akon,1,2005,2005,1
151,baby bash featuring frankie j,2,2003,2004,2
152,baby bash featuring tpain,2,2007,2008,2
153,baby boy da prince,1,2007,2007,1
154,babyface,6,1989,1997,9
155,bachmanturner overdrive,2,1974,1975,2
156,backstreet boys,7,1997,2005,9
157,bad company,2,1975,1979,5
158,bad english,2,1989,1990,2
159,bad meets evil featuring bruno mars,1,2011,2011,1
160,badfinger,2,1970,1972,3
161,baltimora,1,1986,1986,1
162,bananarama,3,1984,1987,4
163,barbara lewis,1,1965,1965,1
164,barbara mason,1,1965,1965,1
165,barbra streisand,6,1974,1982,9
166,barbra streisand  barry gibb,2,1981,1981,1
167,barbra streisand  donna summer,1,1980,1980,1
168,barbra streisand and bryan adams,1,1997,1997,1
169,barenaked ladies,1,1998,1998,1
170,barry manilow,11,1975,1981,7
171,barry mcguire,1,1965,1965,1
172,barry white,3,1973,1975,3
173,bastille,1,2014,2014,1
174,bay city rollers,3,1976,1977,2
175,bazuka,1,1975,1975,1
176,bb king,1,1970,1970,1
177,bbmak,1,2000,2000,1
178,beastie boys,1,1987,1987,1
179,beck,1,1994,1994,1
180,becky g,1,2014,2014,1
181,bee gees,12,1971,1979,9
182,beenie man,1,2004,2004,1
183,belinda carlisle,3,1986,1988,3
184,bell biv devoe,2,1990,1990,1
185,ben e king,1,1987,1987,1
186,benny mardones,1,1980,1980,1
187,berlin,1,1986,1986,1
188,bert kaempfert,1,1965,1965,1
189,bertie higgins,1,1982,1982,1
190,bette midler,5,1973,1991,19
191,better than ezra,1,1995,1995,1
192,betty wright,1,1972,1972,1
193,beverly bremers,1,1972,1972,1
194,beyonce,12,2004,2015,12
195,beyonce featuring jay z,1,2014,2014,1
196,beyonce featuring jayz,2,2003,2006,4
197,beyonce featuring sean paul,2,2003,2004,2
198,beyonce featuring shakira,1,2007,2007,1
199,beyonce featuring slim thug,1,2006,2006,1
200,big brother and the holding company,1,1968,1968,1
201,big mountain,1,1994,1994,1
202,big pun featuring joe,1,1998,1998,1
203,big sean featuring chris brown,1,2011,2011,1
204,big sean featuring drake,1,2015,2015,1
205,big sean featuring e40,1,2015,2015,1
206,big sean featuring nicki minaj,1,2012,2012,1
207,big tymers,1,2002,2002,1
208,bill conti deetta little and nelson pigford,1,1977,1977,1
209,bill cosby,1,1967,1967,1
210,bill medley and jennifer warnes,1,1987,1987,1
211,bill withers,3,1971,1972,2
212,billie myers,1,1998,1998,1
213,billy currington,1,2009,2009,1
214,billy idol,5,1982,1990,9
215,billy joe royal,1,1965,1965,1
216,billy joel,12,1978,1993,16
217,billy ocean,6,1984,1988,5
218,billy paul,1,1973,1973,1
219,billy preston,3,1972,1974,3
220,billy preston and syreeta,1,1980,1980,1
221,billy ray cyrus,1,1992,1992,1
222,billy squier,2,1981,1984,4
223,billy swan,1,1975,1975,1
224,billy vera and the beaters,1,1987,1987,1
225,biz markie,1,1990,1990,1
226,bj thomas,6,1966,1977,12
227,black box,2,1990,1991,2
228,blackstreet,1,1995,1995,1
229,blackstreet featuring dr dre,2,1996,1997,2
230,blackstreet featuring m'ya mase and blinky blink,1,1999,1999,1
231,blake shelton,4,2001,2013,13
232,blake shelton featuring pistol annies and friends,1,2013,2013,1
233,blaque,2,1999,2000,2
234,blessid union of souls,1,1995,1995,1
235,blink 182,1,2000,2000,1
236,blondie,4,1979,1981,3
237,blood sweat  tears,2,1969,1969,1
238,bloodstone,1,1973,1973,1
239,blu cantrell,1,2001,2001,1
240,blue cheer,1,1968,1968,1
241,blue magic,1,1974,1974,1
242,blue october,1,2006,2006,1
243,blue ridge rangers,1,1973,1973,1
244,blue swede,1,1974,1974,1
245,blues image,1,1970,1970,1
246,blues magoos,1,1967,1967,1
247,blues traveler,2,1995,1996,2
248,bo donaldson and the heywoods,1,1974,1974,1
249,bob,1,2012,2012,1
250,bob dylan,3,1965,1969,5
251,bob featuring bruno mars,1,2010,2010,1
252,bob featuring hayley williams,1,2010,2010,1
253,bob featuring rivers cuomo,1,2010,2010,1
254,bob lind,1,1966,1966,1
255,bob seger,2,1980,1987,8
256,bob seger  the silver bullet band,5,1977,1983,7
257,bob seger and the silver bullet band,1,1980,1980,1
258,bob seger system,1,1969,1969,1
259,bob welch,2,1978,1978,1
260,bobbi martin,1,1970,1970,1
261,bobbie gentry,1,1967,1967,1
262,bobby boris pickett and the cryptkickers,1,1973,1973,1
263,bobby brown,8,1988,1993,6
264,bobby caldwell,1,1979,1979,1
265,bobby darin,1,1966,1966,1
266,bobby fuller four,1,1966,1966,1
267,bobby goldsboro,3,1965,1971,7
268,bobby hebb,1,1966,1966,1
269,bobby mcferrin,1,1988,1988,1
270,bobby sherman,3,1969,1970,2
271,bobby shmurda,1,2014,2014,1
272,bobby valentino,1,2005,2005,1
273,bobby vee,1,1967,1967,1
274,bobby vinton,2,1967,1972,6
275,bobby womack,1,1974,1974,1
276,bodeans,1,1996,1996,1
277,bon jovi,11,1986,1995,10
278,bon jovi featuring jennifer nettles,1,2006,2006,1
279,bone thugsnharmony,3,1995,1997,3
280,bone thugsnharmony featuring akon,1,2007,2007,1
281,bonnie pointer,1,1979,1979,1
282,bonnie raitt,3,1991,1994,4
283,bonnie tyler,2,1978,1983,6
284,booker t  the mgs,3,1967,1969,3
285,boston,2,1978,1986,9
286,bow wow featuring chris brown and johnt'a austin,1,2007,2007,1
287,bow wow featuring ciara,1,2005,2005,1
288,bow wow featuring omarion,1,2005,2005,1
289,bow wow featuring tpain and johnt'a austin,1,2007,2007,1
290,boy krazy,1,1993,1993,1
291,boy meets girl,1,1989,1989,1
292,boys club,1,1989,1989,1
293,boys like girls,2,2007,2009,3
294,boys like girls featuring taylor swift,1,2010,2010,1
295,boyz ii men,13,1991,1998,8
296,boz scaggs,5,1976,1981,6
297,brad paisley,1,2009,2009,1
298,brad paisley and carrie underwood,1,2011,2011,1
299,brandy,9,1994,2002,9
300,brandy and monica,1,1998,1998,1
301,brandy featuring wanya morris,1,1995,1995,1
302,brantley gilbert,1,2014,2014,1
303,bread,4,1970,1977,8
304,breakfast club,1,1987,1987,1
305,breathe,2,1988,1989,2
306,brenda  the tabulations,1,1971,1971,1
307,brenda k starr,1,1988,1988,1
308,brenda lee,2,1965,1966,2
309,brenda russell featuring joe esposito,1,1988,1988,1
310,brenton wood,1,1967,1967,1
311,brewer  shipley,1,1971,1971,1
312,brian mcknight,3,1993,2000,8
313,brian mcknight featuring mase,1,1997,1997,1
314,brick,1,1977,1977,1
315,britney spears,16,1999,2011,13
316,brock and the bizz,1,1997,1997,1
317,brook benton,1,1970,1970,1
318,brooke valentine featuring lil jon and big boi,1,2005,2005,1
319,brooks  dunn,2,2001,2003,3
320,brownstone,1,1995,1995,1
321,brownsville station,1,1974,1974,1
322,bruce hornsby and the range,3,1987,1988,2
323,bruce springsteen,9,1981,1997,17
324,bruce willis,1,1987,1987,1
325,bruno mars,8,2010,2013,4
326,bryan adams,11,1983,1995,13
327,bryan adams rod stewart and sting,1,1994,1994,1
328,bt express,2,1975,1975,1
329,bubba sparxxx featuring ying yang twins,1,2006,2006,1
330,buckcherry,1,2008,2008,1
331,buckner  garcia,1,1982,1982,1
332,buffalo springfield,1,1967,1967,1
333,burton cummings,1,1977,1977,1
334,busta rhymes,4,1996,2006,11
335,busta rhymes and mariah carey featuring flipmode squad,1,2003,2003,1
336,busta rhymes featuring janet,1,1999,1999,1
337,busta rhymes featuring p diddy and pharrell,1,2002,2002,1
338,bw stevenson,1,1973,1973,1
339,c w mccall,1,1976,1976,1
340,cah out,1,2012,2012,1
341,cali swag district,1,2010,2010,1
342,calloway,1,1990,1990,1
343,calvin harris,2,2012,2014,3
344,calvin harris and disciples,1,2015,2015,1
345,calvin harris featuring ellie goulding,1,2013,2013,1
346,calvin harris featuring florence welch,1,2013,2013,1
347,calvin harris featuring neyo,1,2012,2012,1
348,cameo,1,1986,1986,1
349,camron featuring juelz santana,1,2002,2002,1
350,camron featuring juelz santana and freekey zekey,1,2002,2002,1
351,candi staton,1,1976,1976,1
352,candlebox,1,1994,1994,1
353,capital cities,1,2013,2013,1
354,captain  tennille,5,1975,1980,6
355,captain hollywood project,1,1993,1993,1
356,carl douglas,1,1975,1975,1
357,carl thomas,1,2000,2000,1
358,carla thomas,1,1966,1966,1
359,carly rae jepsen,1,2012,2012,1
360,carly simon,5,1971,1978,8
361,carly simon  james taylor,1,1974,1974,1
362,carol douglas,1,1975,1975,1
363,carole king,2,1971,1980,10
364,carrie underwood,6,2005,2012,8
365,cascada,1,2006,2006,1
366,case,2,1999,2001,3
367,case featuring foxy brown,1,1996,1996,1
368,case featuring joe,1,1999,1999,1
369,cassidy featuring r kelly,1,2004,2004,1
370,cassie,1,2006,2006,1
371,cat stevens,3,1971,1974,4
372,cathy dennis,3,1991,1991,1
373,cc music factory,3,1991,1991,1
374,cece peniston,3,1992,1992,1
375,cee lo green,1,2011,2011,1
376,celine dion,10,1991,2002,12
377,celine dion and peabo bryson,1,1992,1992,1
378,chad brock,1,2000,2000,1
379,chad kroeger featuring josey scott,1,2002,2002,1
380,chairmen of the board,1,1970,1970,1
381,chaka khan,1,1985,1985,1
382,chamillionaire featuring krayzie bone,1,2006,2006,1
383,champaign,2,1981,1983,3
384,changing faces,2,1994,1997,4
385,chante moore,1,1999,1999,1
386,charlene,1,1982,1982,1
387,charles  eddie,1,1992,1992,1
388,charles wright  the watts 103rd street rhythm band,2,1970,1970,1
389,charley pride,1,1972,1972,1
390,charli xcx,1,2014,2014,1
391,charlie daniels band,1,1980,1980,1
392,charlie dore,1,1980,1980,1
393,charlie puth featuring meghan trainor,1,2015,2015,1
394,charlie rich,3,1973,1974,2
395,cheap trick,3,1979,1988,10
396,checkmates ltd,1,1969,1969,1
397,cher,11,1965,1999,35
398,cher and peter cetera,1,1989,1989,1
399,cher lloyd,1,2012,2012,1
400,cherish featuring sean p,1,2006,2006,1
401,cheryl lynn,1,1979,1979,1
402,chesney hawkes,1,1991,1991,1
403,chic,4,1978,1979,2
404,chicago,15,1970,1990,21
405,chingy,1,2003,2003,1
406,chingy featuring jweav,1,2004,2004,1
407,chingy featuring ludacris and snoop dogg,2,2003,2004,2
408,chingy featuring tyrese,1,2006,2006,1
409,chris brown,8,2006,2012,7
410,chris brown and tyga,1,2015,2015,1
411,chris brown featuring juelz santana,2,2005,2006,2
412,chris brown featuring lil wayne,1,2006,2006,1
413,chris brown featuring lil wayne and busta rhymes,1,2011,2011,1
414,chris brown featuring lil wayne and french montana too short or tyga,1,2014,2014,1
415,chris brown featuring tpain,2,2007,2008,2
416,chris brown featuring tyga and kevin mccall,1,2010,2010,1
417,chris brown featuring usher and rick ross,1,2014,2014,1
418,chris de burgh,1,1987,1987,1
419,chris isaak,1,1991,1991,1
420,chris montez,1,1966,1966,1
421,chris rea,1,1978,1978,1
422,christie,1,1970,1970,1
423,christina aguilera,7,1999,2006,8
424,christina aguilera featuring lil kim,1,2003,2003,1
425,christina aguilera lil kim m'ya and pink,1,2001,2001,1
426,christina milian,1,2004,2004,1
427,christina perri,2,2011,2012,2
428,christine mcvie,1,1984,1984,1
429,christopher cross,6,1980,1984,5
430,chuck berry,1,1972,1972,1
431,chuck mangione,1,1978,1978,1
432,chumbawamba,2,1997,1998,2
433,ciara,3,2007,2013,7
434,ciara and missy elliott,1,2005,2005,1
435,ciara featuring chamillionaire,1,2006,2006,1
436,ciara featuring ludacris,1,2005,2005,1
437,ciara featuring petey pablo,1,2004,2004,1
438,citizen king,1,1999,1999,1
439,city high,1,2001,2001,1
440,city high featuring eve,1,2002,2002,1
441,cj  company,1,1977,1977,1
442,clarence carter,2,1968,1970,3
443,classics iv,2,1968,1969,2
444,clay aiken,1,2003,2003,1
445,clean bandit featuring jess glynne,1,2014,2014,1
446,cliff nobles,1,1968,1968,1
447,cliff richard,3,1976,1981,6
448,climax,1,1972,1972,1
449,climax blues band,2,1977,1981,5
450,clint holmes,1,1973,1973,1
451,club nouveau,1,1987,1987,1
452,cobra starship featuring leighton meester,1,2009,2009,1
453,cobra starship featuring sabi,1,2011,2011,1
454,colbie caillat,4,2007,2009,3
455,colby odonis featuring akon,1,2008,2008,1
456,coldplay,6,2003,2014,12
457,collective soul,3,1994,1996,3
458,color me badd,6,1991,1996,6
459,commander cody and his lost planet airmen,1,1972,1972,1
460,commodores,8,1976,1985,10
461,coolio,2,1994,1996,3
462,coolio featuring 40 thevz,1,1997,1997,1
463,coolio featuring lv,2,1995,1996,2
464,corey hart,2,1984,1985,2
465,corina,1,1991,1991,1
466,cornelius brothers  sister rose,2,1971,1972,2
467,corona,1,1995,1995,1
468,count five,1,1966,1966,1
469,craig david,2,2001,2002,2
470,craig mack,1,1994,1994,1
471,crash test dummies,1,1994,1994,1
472,crazy elephant,1,1969,1969,1
473,crazy town,1,2001,2001,1
474,cream,2,1968,1968,1
475,creed,6,1999,2002,4
476,creedence clearwater revival,7,1968,1970,3
477,crime mob and lil scrappy,1,2007,2007,1
478,crispian st peters,1,1966,1966,1
479,crosby stills  nash,2,1977,1982,6
480,crosby stills nash  young,1,1970,1970,1
481,crowded house,2,1987,1987,1
482,crucial conflict,1,1996,1996,1
483,crystal gayle,1,1978,1978,1
484,crystal waters,2,1994,1995,2
485,culture beat,1,1994,1994,1
486,culture club,6,1983,1984,2
487,curtis mayfield,2,1972,1973,2
488,cutting crew,2,1987,1987,1
489,cyndi lauper,6,1984,1987,4
490,cypress hill,1,1993,1993,1
491,d mob featuring cathy dennis,1,1990,1990,1
492,d12,1,2004,2004,1
493,d4l,1,2006,2006,1
494,da brat,2,1994,1995,2
495,da brat featuring tyrese,1,2000,2000,1
496,daddy dewdrop,1,1971,1971,1
497,daddy yankee,1,2006,2006,1
498,daft punk featuring pharrell williams,1,2013,2013,1
499,damn yankees,1,1991,1991,1
500,dan fogelberg,3,1980,1982,3
501,dan hartman,1,1984,1984,1
502,dan hill,1,1978,1978,1
503,dan hill featuring vonda shepard,1,1987,1987,1
504,dangelo,2,1995,1996,2
505,daniel bedingfield,2,2002,2003,2
506,daniel boone,1,1972,1972,1
507,daniel powter,1,2006,2006,1
508,danity kane,1,2008,2008,1
509,danity kane featuring yung joc,1,2006,2006,1
510,darius rucker,1,2013,2013,1
511,darryl worley,1,2003,2003,1
512,daryl hall,1,1986,1986,1
513,daryl hall  john oates,11,1982,1988,7
514,das efx,1,1992,1992,1
515,daughtry,5,2007,2010,4
516,dave edmunds,1,1971,1971,1
517,dave loggins,1,1974,1974,1
518,dave matthews band,1,2001,2001,1
519,david archuleta,1,2008,2008,1
520,david banner,1,2005,2005,1
521,david banner featuring chris brown,1,2008,2008,1
522,david bowie,5,1973,1983,11
523,david cook,1,2008,2008,1
524,david essex,1,1974,1974,1
525,david gates,1,1978,1978,1
526,david guetta featuring akon,1,2010,2010,1
527,david guetta featuring flo rida and nicki minaj,1,2011,2011,1
528,david guetta featuring nicki minaj,1,2012,2012,1
529,david guetta featuring nicki minaj bebe rexha and afrojack,1,2015,2015,1
530,david guetta featuring sia,1,2012,2012,1
531,david guetta featuring usher,2,2011,2012,2
532,david houston,1,1966,1966,1
533,david lee roth,2,1985,1988,4
534,david naughton,1,1979,1979,1
535,david ruffin,2,1969,1976,8
536,david soul,1,1977,1977,1
537,dawn,1,1970,1970,1
538,dazz band,1,1982,1982,1
539,dean friedman,1,1977,1977,1
540,debarge,4,1983,1985,3
541,debbie gibson,5,1987,1989,3
542,debby boone,1,1978,1978,1
543,debelah morgan,2,2000,2001,2
544,deborah cox,3,1996,1999,4
545,deeelite,1,1991,1991,1
546,deep blue something,1,1996,1996,1
547,deep purple,1,1973,1973,1
548,def leppard,7,1983,1993,11
549,default,1,2002,2002,1
550,del amitri,1,1995,1995,1
551,del shannon,1,1965,1965,1
552,delaney  bonnie  friends,1,1971,1971,1
553,delbert mcclinton,1,1981,1981,1
554,dem franchize boyz,1,2006,2006,1
555,dem franchize boyz featuring jermaine dupri da brat and bow wow,1,2006,2006,1
556,demi lovato,3,2012,2015,4
557,deniece williams,2,1982,1984,3
558,denise lasalle,1,1971,1971,1
559,dennis coffey,1,1972,1972,1
560,deodato,1,1973,1973,1
561,deon estus,1,1989,1989,1
562,deon jackson,1,1966,1966,1
563,depeche mode,1,1990,1990,1
564,derek and the dominos,1,1972,1972,1
565,desree,1,1995,1995,1
566,destinys child,11,1998,2005,8
567,destinys child featuring ti and lil wayne,1,2005,2005,1
568,dev,1,2011,2011,1
569,devo,1,1981,1981,1
570,dexys midnight runners,1,1983,1983,1
571,dht featuring edmee,1,2005,2005,1
572,diamond rio,1,2001,2001,1
573,diana king,1,1995,1995,1
574,diana ross,11,1970,1985,16
575,diana ross  lionel richie,1,1981,1981,1
576,diana ross  marvin gaye,1,1974,1974,1
577,dickey lee,1,1965,1965,1
578,diddy  dirty money featuring skylar grey,1,2011,2011,1
579,diddy featuring keyshia cole,1,2007,2007,1
580,dido,2,2001,2004,4
581,dierks bentley,2,2003,2014,12
582,digable planets,1,1993,1993,1
583,digital underground,1,1990,1990,1
584,dino,3,1989,1993,5
585,dino desi  billy,1,1965,1965,1
586,dionne and friends dionne warwick gladys knight elton john and stevie wonder,1,1986,1986,1
587,dionne farris,1,1995,1995,1
588,dionne warwick,9,1966,1983,18
589,dionne warwick  the spinners,1,1974,1974,1
590,dire straits,3,1979,1986,8
591,dirty vegas,1,2002,2002,1
592,disclosure featuring sam smith,1,2014,2014,1
593,discotex and the sexolettes,1,1975,1975,1
594,dishwalla,1,1996,1996,1
595,divine,2,1998,1999,2
596,divinyls,1,1991,1991,1
597,dixie chicks,3,2000,2003,4
598,dj jazzy jeff  the fresh prince,2,1991,1993,3
599,dj khaled featuring drake rick ross and lil wayne,1,2011,2011,1
600,dj khaled featuring tpain ludacris snoop dogg and rick ross,1,2010,2010,1
601,dj kool,1,1997,1997,1
602,dj sammy featuring yanou and do,1,2002,2002,1
603,dj snake and alunageorge,1,2015,2015,1
604,dj snake and lil jon,1,2014,2014,1
605,dmx,1,2000,2000,1
606,dna featuring suzanne vega,1,1991,1991,1
607,do or die featuring twista,1,1996,1996,1
608,dobie gray,1,1973,1973,1
609,dolly parton,2,1978,1981,4
610,domino,1,1994,1994,1
611,don henley,4,1983,1989,7
612,don mclean,3,1972,1981,10
613,donell jones,2,2000,2000,1
614,donna fargo,2,1972,1973,2
615,donna lewis,2,1996,1997,2
616,donna summer,10,1976,1989,14
617,donna summer and brooklyn dreams,1,1979,1979,1
618,donny  marie osmond,2,1975,1976,2
619,donny and marie osmond,1,1974,1974,1
620,donny osmond,5,1971,1989,19
621,donovan,3,1966,1969,4
622,dorothy moore,1,1976,1976,1
623,dottie west  kenny rogers,1,1981,1981,1
624,dr buzzards original savannah band,1,1977,1977,1
625,dr dre,2,1993,1995,3
626,dr dre featuring eminem,1,2000,2000,1
627,dr dre featuring eminem and skylar grey,1,2011,2011,1
628,dr dre featuring snoop dogg,1,2000,2000,1
629,dr dre featuring snoop doggy dogg,1,1993,1993,1
630,dr hook,5,1976,1980,5
631,dr hook  the medicine show,3,1972,1979,8
632,dr john,1,1973,1973,1
633,drake,8,2009,2015,7
634,drake featuring kanye west lil wayne and eminem,2,2009,2010,2
635,drake featuring lil wayne,1,2012,2012,1
636,drake featuring majid jordan,2,2013,2014,2
637,drake featuring rihanna,1,2012,2012,1
638,dream,1,2001,2001,1
639,dream academy,1,1986,1986,1
640,drs,1,1994,1994,1
641,dru hill,4,1997,1999,3
642,dru hill featuring redman,1,1998,1998,1
643,duice,1,1993,1993,1
644,duncan sheik,1,1997,1997,1
645,duran duran,11,1983,1993,11
646,dusty springfield,1,1966,1966,1
647,dwight twilley band,1,1975,1975,1
648,e40 featuring tpain and kandi girl,1,2006,2006,1
649,eagleeye cherry,1,1999,1999,1
650,eagles,8,1975,1980,6
651,eamon,1,2004,2004,1
652,earth wind  fire,9,1975,1983,9
653,earth wind  fire  the emotions,1,1979,1979,1
654,echosmith,1,2014,2014,1
655,ed ames,1,1967,1967,1
656,ed sheeran,6,2013,2015,3
657,eddie holman,1,1970,1970,1
658,eddie kendricks,3,1973,1975,3
659,eddie money,4,1978,1989,12
660,eddie murphy,1,1986,1986,1
661,eddie rabbitt,4,1979,1981,3
662,eddie rabbitt and crystal gayle,1,1983,1983,1
663,eddy grant,1,1983,1983,1
664,edens crush,1,2001,2001,1
665,edgar winter group,2,1973,1973,1
666,edie brickell  new bohemians,1,1989,1989,1
667,edison lighthouse,1,1970,1970,1
668,edward bear,1,1973,1973,1
669,edward maya featuring vika jigulina,1,2011,2011,1
670,edwin hawkins singers,1,1969,1969,1
671,edwin mccain,1,1998,1998,1
672,edwin starr,2,1969,1970,2
673,eiffel 65,1,2000,2000,1
674,el debarge,1,1986,1986,1
675,electric light orchestra,9,1975,1981,7
676,eli young band,2,2011,2012,2
677,ella henderson,1,2015,2015,1
678,elle king,1,2015,2015,1
679,ellie goulding,3,2012,2015,4
680,elliott yamin,1,2007,2007,1
681,elton john,26,1972,1998,27
682,elton john  kiki dee,1,1976,1976,1
683,elvin bishop,1,1976,1976,1
684,elvis presley,6,1965,1977,13
685,emeli sande,1,2013,2013,1
686,emf,1,1991,1991,1
687,eminem,12,2000,2013,14
688,eminem dr dre and 50 cent,1,2009,2009,1
689,eminem featuring nate dogg,1,2006,2006,1
690,eminem featuring rihanna,2,2010,2014,5
691,en vogue,6,1990,1997,8
692,engelbert humperdinck,2,1967,1977,11
693,england dan  john ford coley,2,1976,1979,4
694,enigma,2,1991,1994,4
695,enrique iglesias,5,1999,2002,4
696,enrique iglesias featuring descemer bueno and gente de zona,1,2014,2014,1
697,enrique iglesias featuring ludacris and dj frank e,1,2011,2011,1
698,enrique iglesias featuring pitbull,1,2010,2010,1
699,enya,1,2001,2001,1
700,erasure,1,1994,1994,1
701,eric benet featuring tamia,1,1999,1999,1
702,eric burdon  war,1,1970,1970,1
703,eric carmen,3,1976,1988,13
704,eric church,1,2012,2012,1
705,eric clapton,8,1974,1997,24
706,eric weissberg  steve mandell,1,1973,1973,1
707,erick sermon featuring marvin gaye,1,2001,2001,1
708,eruption,1,1978,1978,1
709,erykah badu,2,1997,2000,4
710,erykah badu featuring common,1,2003,2003,1
711,estelle featuring kanye west,1,2008,2008,1
712,eternal,1,1994,1994,1
713,europe,1,1987,1987,1
714,eurythmics,3,1983,1985,3
715,evan and jaron,1,2001,2001,1
716,evanescence,2,2004,2006,3
717,evanescence featuring paul mccoy,1,2003,2003,1
718,eve 6,1,2001,2001,1
719,eve featuring alicia keys,1,2002,2002,1
720,eve featuring gwen stefani,1,2001,2001,1
721,evelyn champagne king,1,1978,1978,1
722,everclear,1,2000,2000,1
723,everlast,1,1999,1999,1
724,every mothers son,1,1967,1967,1
725,everything but the girl,1,1996,1996,1
726,exile,1,1978,1978,1
727,expose,6,1987,1993,7
728,extreme,2,1991,1991,1
729,fabolous featuring lil mo and mike shorey,1,2003,2003,1
730,fabolous featuring neyo,1,2007,2007,1
731,fabolous featuring tamia,1,2003,2003,1
732,fabolous featuring thedream,1,2009,2009,1
733,faith evans,4,1995,2002,8
734,faith evans featuring puff daddy,1,1999,1999,1
735,faith hill,6,1998,2005,8
736,faith no more,1,1990,1990,1
737,falco,1,1986,1986,1
738,fall out boy,8,2005,2015,11
739,fancy,1,1974,1974,1
740,fantasia,1,2005,2005,1
741,far east movement featuring ryan tedder,1,2011,2011,1
742,far east movement featuring the cataracs and dev,2,2010,2011,2
743,fastball,1,1999,1999,1
744,fat joe featuring ashanti,1,2002,2002,1
745,fat joe featuring lil wayne,1,2007,2007,1
746,fat joe featuring nelly,1,2005,2005,1
747,fat joe featuring r kelly,1,2002,2002,1
748,fergie,4,2006,2008,3
749,fergie featuring ludacris,1,2007,2007,1
750,fergie featuring william,1,2007,2007,1
751,fetty wap,1,2015,2015,1
752,fetty wap featuring monty,1,2015,2015,1
753,fetty wap featuring remy boyz,1,2015,2015,1
754,field mob,1,2003,2003,1
755,field mob featuring ciara,1,2006,2006,1
756,fifth harmony featuring kid ink,1,2015,2015,1
757,filter,1,2000,2000,1
758,fine young cannibals,2,1989,1989,1
759,finger eleven,3,2004,2008,5
760,firefall,1,1979,1979,1
761,firehouse,3,1991,1995,5
762,five,1,1998,1998,1
763,five americans,1,1967,1967,1
764,five for fighting,2,2002,2004,3
765,five man electrical band,1,1971,1971,1
766,five stairsteps,1,1970,1970,1
767,fleetwood mac,10,1976,1987,12
768,flo rida,4,2009,2013,5
769,flo rida featuring david guetta,1,2010,2010,1
770,flo rida featuring sage the gemini and lookas,1,2015,2015,1
771,flo rida featuring sia,1,2012,2012,1
772,flo rida featuring tpain,1,2008,2008,1
773,flo rida featuring william,1,2008,2008,1
774,flo rida featuring wynter gordon,1,2009,2009,1
775,floetry,1,2003,2003,1
776,florida georgia line,2,2013,2014,2
777,florida georgia line featuring luke bryan,1,2014,2014,1
778,florida georgia line featuring nelly,1,2013,2013,1
779,focus,1,1973,1973,1
780,foghat,1,1976,1976,1
781,foo fighters,1,2005,2005,1
782,force mds,1,1986,1986,1
783,foreigner,9,1977,1988,12
784,fort minor featuring holly brook and jonah matranga,1,2006,2006,1
785,foster the people,1,2011,2011,1
786,four tops,3,1965,1967,3
787,foxy,1,1978,1978,1
788,foxy brown featuring jayz,1,1997,1997,1
789,frank  nancy sinatra,1,1967,1967,1
790,frank mills,1,1979,1979,1
791,frank sinatra,1,1966,1966,1
792,frank stallone,1,1983,1983,1
793,franke and the knockouts,1,1981,1981,1
794,frankie j,1,2003,2003,1
795,frankie j featuring baby bash,1,2005,2005,1
796,frankie valli,4,1967,1978,12
797,freak nasty,1,1997,1997,1
798,freda payne,2,1970,1971,2
799,freddie and the dreamers,1,1965,1965,1
800,freddie hart,1,1971,1971,1
801,freddy fender,2,1975,1975,1
802,free,1,1970,1970,1
803,frida,1,1983,1983,1
804,friend  lover,1,1968,1968,1
805,frijid pink,1,1970,1970,1
806,fuel,1,2001,2001,1
807,fun,3,2012,2013,2
808,fun featuring janelle mon'ae,1,2012,2012,1
809,gabrielle,1,1994,1994,1
810,gallery,1,1972,1972,1
811,gary lewis  the playboys,4,1965,1966,2
812,gary lewis and the playboys,1,1968,1968,1
813,gary numan,1,1980,1980,1
814,gary puckett  the union gap,5,1968,1969,2
815,gary us bonds,1,1981,1981,1
816,gary wright,3,1976,1981,6
817,gavin degraw,4,2005,2012,8
818,gavin rossdale,1,2008,2008,1
819,gene  debbe,1,1968,1968,1
820,gene chandler,1,1970,1970,1
821,general public,1,1994,1994,1
822,genesis,10,1980,1992,13
823,george benson,4,1976,1982,7
824,george duke  stanley clarke,1,1981,1981,1
825,george ezra,1,2015,2015,1
826,george harrison,4,1971,1988,18
827,george mccrae,1,1974,1974,1
828,george michael,11,1986,1996,11
829,george michael and elton john,1,1992,1992,1
830,george strait,3,1999,2002,4
831,georgia satellites,1,1987,1987,1
832,georgie fame,1,1968,1968,1
833,gerald levert,1,1998,1998,1
834,gerardo,1,1991,1991,1
835,gerry and the pacemakers,1,1965,1965,1
836,gerry rafferty,1,1978,1978,1
837,ghost town djs,1,1996,1996,1
838,gilbert osullivan,3,1972,1973,2
839,gin blossoms,3,1993,1996,4
840,gina g,1,1997,1997,1
841,gino vannelli,2,1979,1981,3
842,ginuwine,6,1996,2003,8
843,ginuwine featuring baby,1,2003,2003,1
844,gladys knight  the pips,7,1971,1975,5
845,glass tiger,2,1986,1987,2
846,glen campbell,5,1969,1977,9
847,glenn frey,2,1985,1985,1
848,glenn medeiros,1,1987,1987,1
849,glenn medeiros and bobby brown,1,1990,1990,1
850,glenn yarbrough,1,1965,1965,1
851,gloria estefan,4,1989,1995,7
852,gloria estefan and miami sound machine,4,1987,1988,2
853,gloria gaynor,2,1975,1979,5
854,gloria loring and carl anderson,1,1986,1986,1
855,gnarls barkley,1,2006,2006,1
856,go west,2,1990,1993,4
857,golden earring,2,1974,1983,10
858,goo goo dolls,6,1996,2002,7
859,gordon lightfoot,2,1971,1974,4
860,gorillaz,2,2005,2006,2
861,gotye featuring kimbra,1,2012,2012,1
862,gq,2,1979,1979,1
863,grand funk,1,1975,1975,1
864,grand funk railroad,3,1973,1975,3
865,great white,1,1989,1989,1
866,green day,4,2005,2009,5
867,"green jell""y",1,1993,1993,1
868,greg guidry,1,1982,1982,1
869,gregory abbott,1,1987,1987,1
870,gretchen wilson,1,2004,2004,1
871,groove theory,2,1995,1996,2
872,grover washington jr  bill withers,1,1981,1981,1
873,gunit featuring joe,1,2004,2004,1
874,guns n roses,5,1988,1992,5
875,gwen stefani,3,2005,2007,3
876,gwen stefani featuring akon,1,2007,2007,1
877,gwen stefani featuring eve,1,2005,2005,1
878,gym class heroes featuring adam levine,2,2011,2012,2
879,gym class heroes featuring neon hitch,1,2012,2012,1
880,gym class heroes featuring patrick stump,1,2007,2007,1
881,haddaway,2,1993,1994,2
882,hall  oates,7,1976,1981,6
883,hamilton joe frank  reynolds,2,1971,1975,5
884,hammer,2,1992,1992,1
885,hanson,2,1997,1998,2
886,harold faltermeyer,1,1985,1985,1
887,harold melvin  the blue notes,1,1976,1976,1
888,harry chapin,2,1972,1975,4
889,harry nilsson,3,1969,1972,4
890,havana brown featuring pitbull,1,2012,2012,1
891,heart,8,1977,1990,14
892,heatwave,3,1977,1978,2
893,heavy d,1,1997,1997,1
894,heavy d  the boyz,2,1991,1994,4
895,helen reddy,7,1971,1977,7
896,hellogoodbye,1,2007,2007,1
897,henry gross,1,1976,1976,1
898,henry mancini,1,1969,1969,1
899,herb alpert,4,1968,1987,20
900,herb alpert and the tijuana brass,1,1966,1966,1
901,hermans hermits,7,1965,1967,3
902,hifive,3,1991,1992,2
903,high inergy,1,1978,1978,1
904,hinder,3,2006,2007,2
905,honey cone,1,1971,1971,1
906,hoobastank,1,2004,2004,1
907,hootie  the blowfish,6,1995,1996,2
908,horst jankowski,1,1965,1965,1
909,hot,1,1977,1977,1
910,hot butter,1,1972,1972,1
911,hot chelle rae,1,2011,2011,1
912,hot chocolate,2,1976,1979,4
913,house of pain,1,1992,1992,1
914,houston featuring chingy nate dogg and i20,1,2004,2004,1
915,howard jones,2,1985,1986,2
916,howie day,1,2005,2005,1
917,hozier,1,2015,2015,1
918,htown,1,1993,1993,1
919,huey,1,2007,2007,1
920,huey lewis and the news,10,1982,1988,7
921,hugh masekela,1,1968,1968,1
922,hugo montenegro,1,1968,1968,1
923,hunter hayes,3,2012,2013,2
924,hurricane chris,1,2007,2007,1
925,hurricane smith,1,1973,1973,1
926,ian matthews,1,1979,1979,1
927,ian whitcomb,1,1965,1965,1
928,ice cube,1,1993,1993,1
929,ice cube featuring das efx,1,1993,1993,1
930,ice cube featuring george clinton,1,1994,1994,1
931,icehouse,1,1988,1988,1
932,icona pop featuring charli xcx,1,2013,2013,1
933,idina menzel,1,2014,2014,1
934,iggy azalea featuring charli xcx,1,2014,2014,1
935,iggy azalea featuring rita ora,1,2014,2014,1
936,ike  tina turner,2,1970,1971,2
937,ilovemakonnen featuring drake,1,2015,2015,1
938,ilovememphis,1,2015,2015,1
939,imagine dragons,6,2012,2014,3
940,immature,2,1994,1995,2
941,incubus,1,2001,2001,1
942,information society,1,1988,1988,1
943,ini kamoze,2,1994,1995,2
944,inner circle,2,1993,1993,1
945,inoj,2,1998,1998,1
946,instant funk,1,1979,1979,1
947,inxs,6,1986,1991,6
948,irene cara,3,1980,1984,5
949,isaac hayes,2,1971,1980,10
950,iyaz,2,2009,2010,2
951,j cole,1,2012,2012,1
952,j cole featuring miguel,1,2013,2013,1
953,j holiday,2,2007,2008,2
954,ja rule featuring ashanti,2,2002,2003,2
955,ja rule featuring ashanti charli baltimore and vita,1,2002,2002,1
956,ja rule featuring case,2,2001,2002,2
957,ja rule featuring lil mo and vita,1,2001,2001,1
958,ja rule featuring r kelly and ashanti,1,2005,2005,1
959,jack jones,1,1965,1965,1
960,jack wagner,1,1985,1985,1
961,jackie deshannon,2,1965,1969,5
962,jackie wilson,1,1967,1967,1
963,jackson browne,4,1972,1983,12
964,jadakiss,1,2004,2004,1
965,jade,4,1992,1995,4
966,jagged edge,4,2000,2004,5
967,jagged edge featuring nelly,1,2001,2001,1
968,jaheim,1,2003,2003,1
969,jaheim featuring next,1,2002,2002,1
970,jake owen,2,2011,2014,4
971,james  bobby purify,1,1966,1966,1
972,james blunt,1,2006,2006,1
973,james brown,7,1965,1986,22
974,james ingram,1,1990,1990,1
975,james ingram and michael mcdonald,1,1984,1984,1
976,james newton howard featuring jennifer lawrence,1,2015,2015,1
977,james taylor,4,1970,1977,8
978,jamie foxx featuring ludacris,1,2006,2006,1
979,jamie foxx featuring tpain,1,2009,2009,1
980,jamie walters,1,1995,1995,1
981,jan hammer,1,1985,1985,1
982,jane child,1,1990,1990,1
983,janet,3,1998,2001,4
984,janet jackson,22,1986,2000,15
985,janet jackson featuring blackstreet,1,1998,1998,1
986,janis ian,2,1967,1975,9
987,janis joplin,1,1971,1971,1
988,jann arden,1,1996,1996,1
989,jason aldean,5,2009,2014,6
990,jason aldean featuring kelly clarkson,1,2011,2011,1
991,"jason der""ulo",3,2010,2010,1
992,jason derulo,5,2009,2015,7
993,jason derulo featuring 2 chainz,1,2014,2014,1
994,jason derulo featuring snoop dogg,1,2014,2014,1
995,jason mraz,4,2003,2012,10
996,jay  the techniques,1,1967,1967,1
997,jay and the americans,2,1965,1969,5
998,jay ferguson,1,1978,1978,1
999,jay sean featuring lil wayne,2,2009,2010,2
1000,jay sean featuring sean paul and lil jon,1,2010,2010,1
1001,jay z featuring justin timberlake,1,2013,2013,1
1002,jayz,6,1999,2004,6
1003,jayz and alicia keys,2,2009,2010,2
1004,jayz and kanye west,1,2012,2012,1
1005,jayz and linkin park,1,2005,2005,1
1006,jayz featuring amil and ja rule,1,1999,1999,1
1007,jayz featuring beyonce,1,2003,2003,1
1008,jayz featuring mr hudson,1,2010,2010,1
1009,jayz featuring rihanna and kanye west,1,2009,2009,1
1010,jayz featuring ugk,1,2000,2000,1
1011,jd souther,1,1980,1980,1
1012,jean knight,1,1971,1971,1
1013,jeannie c riley,1,1968,1968,1
1014,jefferson airplane,2,1967,1967,1
1015,jefferson starship,2,1976,1978,3
1016,jennifer lopez,5,1999,2005,7
1017,jennifer lopez featuring ja rule,2,2001,2002,2
1018,jennifer lopez featuring jadakiss and styles p,1,2003,2003,1
1019,jennifer lopez featuring ll cool j,1,2003,2003,1
1020,jennifer lopez featuring nas,1,2002,2002,1
1021,jennifer lopez featuring pitbull,1,2011,2011,1
1022,jennifer paige,1,1998,1998,1
1023,jennifer warnes,1,1977,1977,1
1024,jeremih,1,2009,2009,1
1025,jeremih featuring 50 cent,1,2011,2011,1
1026,jeremih featuring yg,1,2014,2014,1
1027,jeremy jordan,1,1993,1993,1
1028,jermaine dupri featuring da brat and usher,1,1998,1998,1
1029,jermaine jackson,3,1973,1985,13
1030,jermaine stewart,1,1986,1986,1
1031,jerrod niemann,1,2010,2010,1
1032,jerry butler,3,1968,1969,2
1033,jerry butler  brenda lee eager,1,1972,1972,1
1034,jerry reed,2,1971,1971,1
1035,jesse mccartney,2,2005,2008,4
1036,jesse mccartney featuring ludacris,1,2009,2009,1
1037,jesse powell,1,1999,1999,1
1038,jessi colter,1,1975,1975,1
1039,jessica andrews,1,2001,2001,1
1040,jessica simpson,3,2000,2004,5
1041,jessie j,1,2012,2012,1
1042,jessie j ariana grande and nicki minaj,2,2014,2015,2
1043,jessie j featuring bob,1,2011,2011,1
1044,jesus jones,2,1991,1991,1
1045,jet,1,2004,2004,1
1046,jethro tull,1,1975,1975,1
1047,jewel,6,1996,2003,8
1048,jewel akens,1,1965,1965,1
1049,jibbs,1,2006,2006,1
1050,jidenna featuring roman gianarthur,1,2015,2015,1
1051,jim croce,4,1972,1974,3
1052,jim jones,1,2007,2007,1
1053,jim jones featuring ron browz and juelz santana,1,2009,2009,1
1054,jim stafford,3,1974,1974,1
1055,jimmy buffett,1,1977,1977,1
1056,jimmy castor bunch,1,1972,1972,1
1057,jimmy cliff,1,1994,1994,1
1058,jimmy eat world,1,2002,2002,1
1059,jimmy ray,1,1998,1998,1
1060,jimmy ruffin,1,1966,1966,1
1061,jive bunny and the mastermixers,1,1990,1990,1
1062,jkwon,1,2004,2004,1
1063,jo dee messina,2,1999,2000,2
1064,joan baez,1,1971,1971,1
1065,joan jett  the blackhearts,1,1982,1982,1
1066,joan jett and the blackhearts,2,1982,1988,7
1067,joan osborne,1,1996,1996,1
1068,jodeci,4,1992,1995,4
1069,jody watley,4,1987,1990,4
1070,joe,3,1996,2000,5
1071,joe cocker,2,1970,1975,6
1072,joe cocker and jennifer warnes,1,1983,1983,1
1073,joe featuring mystikal,1,2001,2001,1
1074,joe jackson,2,1983,1983,1
1075,joe public,1,1992,1992,1
1076,joe simon,4,1969,1975,7
1077,joe south,2,1969,1970,2
1078,joe tex,3,1965,1977,13
1079,joe walsh,2,1978,1980,3
1080,joey lawrence,1,1993,1993,1
1081,joey mcintyre,1,1999,1999,1
1082,joey scarbury,1,1981,1981,1
1083,john cafferty  the beaver brown band,1,1984,1984,1
1084,john cougar,3,1981,1982,2
1085,john cougar mellencamp,5,1984,1988,5
1086,john denver,6,1971,1975,5
1087,john fred  his playboy band,1,1968,1968,1
1088,john legend,2,2005,2014,10
1089,john legend featuring andre 3000,1,2009,2009,1
1090,john lennon,5,1970,1984,15
1091,john mayer,6,2002,2008,7
1092,john mellencamp,1,1996,1996,1
1093,john mellencamp featuring meshell ndegeocello,1,1994,1994,1
1094,john michael montgomery,1,2004,2004,1
1095,john parr,1,1985,1985,1
1096,john paul young,1,1978,1978,1
1097,john schneider,1,1981,1981,1
1098,john sebastian,1,1976,1976,1
1099,john stewart,1,1979,1979,1
1100,john travolta,1,1976,1976,1
1101,john travolta  olivia newtonjohn,2,1978,1978,1
1102,john waite,1,1984,1984,1
1103,johnnie taylor,2,1973,1976,4
1104,johnny bristol,1,1974,1974,1
1105,johnny cash,1,1969,1969,1
1106,johnny gill,1,1990,1990,1
1107,johnny hates jazz,1,1988,1988,1
1108,johnny maestro  the brooklyn bridge,1,1969,1969,1
1109,johnny mathis  deniece williams,1,1978,1978,1
1110,johnny nash,3,1968,1973,6
1111,johnny rivers,6,1965,1977,13
1112,jojo,2,2004,2006,3
1113,jon b,2,1995,1998,4
1114,jon bon jovi,1,1990,1990,1
1115,jon secada,4,1992,1994,3
1116,jonas brothers featuring big rob,1,2008,2008,1
1117,jonathan edwards,1,1972,1972,1
1118,joni mitchell,1,1974,1974,1
1119,jordan knight,1,1999,1999,1
1120,jordin sparks,3,2008,2009,2
1121,jordin sparks and chris brown,1,2008,2008,1
1122,jose feliciano,1,1968,1968,1
1123,joshua kadison,1,1994,1994,1
1124,journey,6,1981,1997,17
1125,jr walker  the all stars,1,1969,1969,1
1126,jt money featuring sole,1,1999,1999,1
1127,jud strunk,1,1973,1973,1
1128,judy collins,1,1971,1971,1
1129,juelz santana,1,2006,2006,1
1130,juice newton,4,1981,1982,2
1131,julian lennon,2,1985,1985,1
1132,julio iglesias and willie nelson,1,1984,1984,1
1133,junior mafia featuring the notorious big,2,1995,1996,2
1134,junior walker  the all stars,1,1965,1965,1
1135,justin bieber,3,2009,2015,7
1136,justin bieber featuring big sean,1,2012,2012,1
1137,justin bieber featuring ludacris,1,2010,2010,1
1138,justin bieber featuring nicki minaj,1,2013,2013,1
1139,justin timberlake,9,2002,2014,13
1140,justin timberlake featuring jayz,1,2013,2013,1
1141,justin timberlake featuring ti,2,2006,2007,2
1142,justin timberlake featuring timbaland,1,2006,2006,1
1143,juvenile featuring mannie fresh and lil wayne,1,1999,1999,1
1144,juvenile featuring soulja slim,1,2004,2004,1
1145,k p  envyi,1,1998,1998,1
1146,kajagoogoo,1,1983,1983,1
1147,kandi,1,2000,2000,1
1148,kansas,2,1977,1978,2
1149,kanye west,6,2004,2009,6
1150,kanye west big sean pusha t and 2 chainz,1,2012,2012,1
1151,kanye west featuring dwele,1,2008,2008,1
1152,kanye west featuring jamie foxx,2,2005,2006,2
1153,kanye west featuring rihanna,1,2011,2011,1
1154,kanye west featuring syleena johnson,1,2004,2004,1
1155,kanye west featuring tpain,1,2008,2008,1
1156,kardinal offishall featuring akon,1,2008,2008,1
1157,karla bonoff,1,1982,1982,1
1158,karmin,1,2012,2012,1
1159,karyn white,4,1989,1992,4
1160,kathy troccoli,1,1992,1992,1
1161,katrina and the waves,1,1985,1985,1
1162,katy perry,14,2008,2014,7
1163,katy perry featuring juicy j,1,2014,2014,1
1164,katy perry featuring kanye west,1,2011,2011,1
1165,katy perry featuring snoop dogg,1,2010,2010,1
1166,kc  the sunshine band,1,1984,1984,1
1167,kc and the sunshine band,6,1975,1980,6
1168,kci  jojo,3,1998,2001,4
1169,keha,6,2010,2012,3
1170,keha featuring 3oh3,1,2010,2010,1
1171,keith,1,1967,1967,1
1172,keith carradine,1,1976,1976,1
1173,keith sweat,7,1988,1997,10
1174,keith sweat featuring athena cage,1,1996,1996,1
1175,keith urban,1,2004,2004,1
1176,kelis,1,2004,2004,1
1177,kelis featuring too short,1,2006,2006,1
1178,kelly clarkson,17,2002,2015,14
1179,kelly price featuring r kelly and ron isley,1,1998,1998,1
1180,kelly rowland featuring lil wayne,1,2011,2011,1
1181,kendrick lamar,1,2013,2013,1
1182,kenny chesney,7,1999,2014,16
1183,kenny chesney featuring grace potter,1,2011,2011,1
1184,kenny chesney featuring uncle kracker,1,2004,2004,1
1185,kenny g,2,1987,1993,7
1186,kenny loggins,5,1980,1987,8
1187,kenny loggins  stevie nicks,1,1978,1978,1
1188,kenny nolan,2,1977,1977,1
1189,kenny rogers,9,1977,1982,6
1190,kenny rogers  kim carnes,1,1980,1980,1
1191,kenny rogers  the first edition,2,1969,1970,2
1192,kenny rogers and dolly parton,1,1984,1984,1
1193,kenny rogers and sheena easton,1,1983,1983,1
1194,keri hilson,1,2011,2011,1
1195,keri hilson featuring kanye west and neyo,1,2009,2009,1
1196,keri hilson featuring lil wayne,1,2009,2009,1
1197,kesha,1,2013,2013,1
1198,kevin lyttle,1,2004,2004,1
1199,kevin rudolf featuring birdman jay sean and lil wayne,1,2010,2010,1
1200,kevin rudolf featuring lil wayne,2,2008,2009,2
1201,kevon edmonds,1,2000,2000,1
1202,keyshia cole,3,2006,2008,3
1203,keyshia cole featuring missy elliott and lil kim,1,2007,2007,1
1204,kid cudi,1,2009,2009,1
1205,kid ink featuring chris brown,1,2014,2014,1
1206,kid rock,2,2000,2008,9
1207,kid rock featuring sheryl crow,1,2003,2003,1
1208,kim carnes,2,1980,1981,2
1209,kim wilde,2,1982,1987,6
1210,king floyd,1,1971,1971,1
1211,king harvest,1,1973,1973,1
1212,kings of leon,2,2009,2010,2
1213,kip moore,1,2012,2012,1
1214,kirko bangz,1,2012,2012,1
1215,kiss,3,1976,1990,15
1216,klymaxx,1,1986,1986,1
1217,kongos,1,2014,2014,1
1218,kool  the gang,13,1974,1987,14
1219,kris kristofferson,1,1973,1973,1
1220,kris kross,4,1992,1996,5
1221,kristinia debarge,1,2009,2009,1
1222,kt tunstall,1,2006,2006,1
1223,kws,1,1992,1992,1
1224,kylie minogue,2,1988,2002,15
1225,kyper,1,1990,1990,1
1226,la bouche,2,1996,1996,1
1227,la roux,1,2010,2010,1
1228,labelle,1,1975,1975,1
1229,lady antebellum,6,2009,2014,6
1230,lady gaga,10,2009,2013,5
1231,lady gaga featuring beyonce,1,2010,2010,1
1232,lady gaga featuring colby odonis,1,2009,2009,1
1233,lady gaga featuring r kelly,1,2014,2014,1
1234,lamont dozier,1,1974,1974,1
1235,lana del rey and cedric gervais,1,2013,2013,1
1236,larry groce,1,1976,1976,1
1237,laura branigan,5,1982,1984,3
1238,lauryn hill,2,1999,1999,1
1239,leann rimes,5,1997,2002,6
1240,leblanc  carr,1,1978,1978,1
1241,lee ann womack,2,2000,2001,2
1242,lee brice,2,2012,2014,3
1243,lee dorsey,1,1966,1966,1
1244,lee michaels,1,1971,1971,1
1245,leif garrett,1,1979,1979,1
1246,len,1,1999,1999,1
1247,lenny kravitz,3,1991,2001,11
1248,leo sayer,5,1975,1981,7
1249,leona lewis,2,2008,2008,1
1250,lesley gore,1,1967,1967,1
1251,level 42,1,1986,1986,1
1252,levert,1,1987,1987,1
1253,lfo,2,1999,2000,2
1254,lifehouse,4,2001,2007,7
1255,lil bow wow featuring xscape,1,2000,2000,1
1256,lil flip,1,2004,2004,1
1257,lil flip featuring lea,1,2004,2004,1
1258,lil jon  the east side boyz featuring ying yang twins,2,2003,2004,2
1259,lil jon featuring e40 and sean paul,1,2006,2006,1
1260,lil jon featuring usher and ludacris,1,2005,2005,1
1261,lil kim featuring 50 cent,1,2003,2003,1
1262,lil kim featuring da brat left eye missy elliott and angie martinez,1,1997,1997,1
1263,lil kim featuring mr cheeks,1,2003,2003,1
1264,lil kim featuring puff daddy,1,1997,1997,1
1265,lil mo featuring fabolous,1,2001,2001,1
1266,lil romeo,1,2001,2001,1
1267,lil wayne,2,2008,2011,4
1268,lil wayne featuring bobby valentino,1,2008,2008,1
1269,lil wayne featuring cory gunz,1,2011,2011,1
1270,lil wayne featuring drake,3,2010,2014,5
1271,lil wayne featuring drake and future,1,2013,2013,1
1272,lil wayne featuring static major,1,2008,2008,1
1273,lil wayne featuring tpain,1,2008,2008,1
1274,linda ronstadt,7,1975,1980,6
1275,linda ronstadt and aaron neville,1,1990,1990,1
1276,linda ronstadt and james ingram,1,1987,1987,1
1277,lindsey buckingham,1,1982,1982,1
1278,linear,1,1990,1990,1
1279,linkin park,7,2002,2012,11
1280,lionel richie,12,1983,1987,5
1281,lipps inc,1,1980,1980,1
1282,lisa lisa and cult jam,3,1986,1987,2
1283,lisa loeb,1,1998,1998,1
1284,lisa loeb and nine stories,1,1994,1994,1
1285,lisa stansfield,1,1990,1990,1
1286,lita ford and ozzy osbourne,1,1989,1989,1
1287,little anthony and the imperials,1,1965,1965,1
1288,little big town,2,2012,2015,4
1289,little river band,7,1978,1983,6
1290,ll cool j,7,1991,2004,14
1291,lloyd,1,2007,2007,1
1292,lloyd banks,1,2004,2004,1
1293,lloyd featuring ashanti,1,2004,2004,1
1294,lloyd featuring lil wayne,1,2007,2007,1
1295,lmfao,2,2011,2012,2
1296,lmfao featuring lauren bennett and goonrock,2,2011,2012,2
1297,lobo,2,1971,1973,3
1298,loggins and messina,1,1973,1973,1
1299,london symphony orchestra,1,1977,1977,1
1300,londonbeat,1,1991,1991,1
1301,lonestar,5,1999,2003,5
1302,looking glass,1,1972,1972,1
1303,lord david dundas,1,1977,1977,1
1304,lord tariq and peter gunz,1,1998,1998,1
1305,lorde,3,2013,2014,2
1306,loreena mckennitt,1,1998,1998,1
1307,los bravos,1,1966,1966,1
1308,los del r'io,3,1996,1997,2
1309,los lobos,1,1987,1987,1
1310,los lonely boys,1,2004,2004,1
1311,lou bega,1,1999,1999,1
1312,lou christie,2,1966,1969,4
1313,lou gramm,2,1987,1990,4
1314,lou rawls,3,1966,1976,11
1315,love and rockets,1,1989,1989,1
1316,love unlimited,1,1972,1972,1
1317,love unlimited orchestra,1,1974,1974,1
1318,loverboy,2,1982,1983,2
1319,lovin spoonful,1,1966,1966,1
1320,lsg,1,1998,1998,1
1321,ltd,1,1978,1978,1
1322,ludacris,6,2001,2010,10
1323,ludacris featuring bobby valentino,1,2005,2005,1
1324,ludacris featuring mary j blige,1,2007,2007,1
1325,ludacris featuring mystikal and i20,1,2002,2002,1
1326,ludacris featuring nicki minaj,1,2010,2010,1
1327,ludacris featuring pharrell,2,2006,2007,2
1328,ludacris featuring shawnna,2,2003,2004,2
1329,luke bryan,7,2011,2015,5
1330,luke featuring no good but so good,1,1998,1998,1
1331,lulu,1,1967,1967,1
1332,lumidee,1,2003,2003,1
1333,luniz,1,1995,1995,1
1334,lupe fiasco,1,2011,2011,1
1335,lupe fiasco featuring matthew santos,1,2008,2008,1
1336,luscious jackson,1,1997,1997,1
1337,luther ingram,1,1972,1972,1
1338,luther vandross,2,1990,1991,2
1339,luther vandross and janet jackson,1,1992,1992,1
1340,luther vandross and mariah carey,1,1994,1994,1
1341,lynn anderson,1,1971,1971,1
1342,lynyrd skynyrd,1,1978,1978,1
1343,m,1,1980,1980,1
1344,"m""otley cr""ue",1,1990,1990,1
1345,m'ya,3,2000,2003,4
1346,m'ya and sisqo,1,1998,1998,1
1347,mac and katie kissoon,1,1971,1971,1
1348,mac davis,2,1972,1974,3
1349,macklemore  ryan lewis featuring schoolboy q and hollis,1,2014,2014,1
1350,macklemore and ryan lewis featuring eric nally melle mel kool moe dee and grandmaster caz,1,2015,2015,1
1351,macklemore and ryan lewis featuring mary lambert,1,2013,2013,1
1352,macklemore and ryan lewis featuring ray dalton,1,2013,2013,1
1353,macklemore and ryan lewis featuring wanz,1,2013,2013,1
1354,macy gray,1,2000,2000,1
1355,madness,1,1983,1983,1
1356,madonna,35,1984,2006,23
1357,madonna featuring justin timberlake and timbaland,1,2008,2008,1
1358,magic,1,2014,2014,1
1359,major harris,1,1975,1975,1
1360,major lazer and dj snake featuring mo,1,2015,2015,1
1361,mama cass elliot,1,1969,1969,1
1362,manfred mann,1,1968,1968,1
1363,manfred manns earth band,1,1977,1977,1
1364,marc anthony,3,1999,2000,2
1365,marcy playground,1,1998,1998,1
1366,maria muldaur,1,1974,1974,1
1367,mariah carey,25,1990,2009,20
1368,mariah carey and boyz ii men,1,1996,1996,1
1369,mariah carey featuring cameo,1,2001,2001,1
1370,mariah carey featuring jayz,1,1999,1999,1
1371,mariah carey featuring joe and 98 degrees,1,2000,2000,1
1372,mariah carey featuring miguel,1,2013,2013,1
1373,marilyn mccoo  billy davis jr,1,1977,1977,1
1374,mario,2,2002,2005,4
1375,mario featuring gucci mane and sean garrett,1,2009,2009,1
1376,mario winans featuring enya and p diddy,1,2004,2004,1
1377,mark chesnutt,1,1999,1999,1
1378,mark lindsay,1,1970,1970,1
1379,mark morrison,1,1997,1997,1
1380,mark ronson featuring bruno mars,1,2015,2015,1
1381,mark wills,1,2003,2003,1
1382,marky mark and the funky bunch,1,1992,1992,1
1383,marky mark and the funky bunch featuring loleatta holloway,1,1991,1991,1
1384,marmalade,1,1970,1970,1
1385,maroon 5,13,2004,2015,12
1386,maroon 5 featuring christina aguilera,2,2011,2012,2
1387,maroon 5 featuring wiz khalifa,1,2012,2012,1
1388,martha and the vandellas,2,1965,1967,3
1389,martika,1,1989,1989,1
1390,martin garrix,1,2014,2014,1
1391,martin page,1,1995,1995,1
1392,marty balin,1,1981,1981,1
1393,marvin gaye,10,1965,1983,19
1394,marvin gaye  tammi terrell,4,1967,1968,2
1395,marvin hamlisch,1,1974,1974,1
1396,mary hopkin,1,1968,1968,1
1397,mary j blige,8,1992,2008,17
1398,mary j blige featuring ja rule,1,2002,2002,1
1399,mary jane girls,1,1985,1985,1
1400,mary macgregor,1,1977,1977,1
1401,mary mary,1,2000,2000,1
1402,mase featuring kelly price,1,1998,1998,1
1403,mase featuring puff daddy,1,1998,1998,1
1404,mase featuring total,1,1998,1998,1
1405,mason williams,1,1968,1968,1
1406,master p featuring fiend silkk the shocker mia x and mystikal,1,1998,1998,1
1407,master p featuring sons of funk,1,1998,1998,1
1408,matchbox 20,1,1999,1999,1
1409,matchbox twenty,3,2000,2003,4
1410,matthew wilder,1,1984,1984,1
1411,matthews southern comfort,1,1971,1971,1
1412,maureen mcgovern,1,1973,1973,1
1413,maxi priest,1,1990,1990,1
1414,maxi priest featuring shaggy,1,1996,1996,1
1415,maxine nightingale,2,1976,1979,4
1416,maxwell,2,1999,2009,11
1417,mc hammer,2,1990,1990,1
1418,mc lyte,1,1997,1997,1
1419,mc lyte featuring xscape,1,1996,1996,1
1420,mcfadden  whitehead,1,1979,1979,1
1421,meat loaf,4,1978,1994,17
1422,meco,1,1977,1977,1
1423,meek mill featuring chris brown and nicki minaj,1,2015,2015,1
1424,meghan trainor,4,2014,2015,2
1425,meghan trainor featuring john legend,1,2015,2015,1
1426,mel and tim,1,1972,1972,1
1427,mel carter,1,1965,1965,1
1428,melanie,2,1970,1972,3
1429,melissa etheridge,4,1994,1996,3
1430,melissa manchester,3,1975,1982,8
1431,mellow man ace,1,1990,1990,1
1432,men at work,4,1982,1983,2
1433,men without hats,1,1983,1983,1
1434,mercy,1,1969,1969,1
1435,meredith brooks,1,1997,1997,1
1436,merril bainbridge,2,1996,1997,2
1437,merrilee rush,1,1968,1968,1
1438,metallica,1,1996,1996,1
1439,method man featuring mary j blige,1,1995,1995,1
1440,metro station,1,2008,2008,1
1441,mfsb,1,1974,1974,1
1442,mia,1,2008,2008,1
1443,miami sound machine,3,1986,1986,1
1444,michael bolton,10,1990,1997,8
1445,michael buble,1,2010,2010,1
1446,michael damian,1,1989,1989,1
1447,michael franti  spearhead featuring cherine anderson,1,2009,2009,1
1448,michael jackson,22,1972,2002,31
1449,michael jackson and janet jackson,1,1995,1995,1
1450,michael jackson and justin timberlake,1,2014,2014,1
1451,michael jackson and paul mccartney,1,1983,1983,1
1452,michael jackson with siedah garrett,1,1987,1987,1
1453,michael johnson,1,1978,1978,1
1454,michael martin murphey,1,1975,1975,1
1455,michael mcdonald,2,1982,1986,5
1456,michael murphey,1,1982,1982,1
1457,michael sembello,1,1983,1983,1
1458,michael w smith,1,1991,1991,1
1459,michelle,1,1990,1990,1
1460,michelle branch,2,2002,2003,2
1461,mickey gilley,1,1980,1980,1
1462,miguel,3,2011,2013,3
1463,mike  the mechanics,3,1986,1989,4
1464,mike jones,1,2005,2005,1
1465,mike oldfield,1,1974,1974,1
1466,mike posner,2,2010,2011,2
1467,mike post,1,1975,1975,1
1468,mike reno and ann wilson,1,1984,1984,1
1469,mike will madeit featuring miley cyrus wiz khalifa and juicy j,1,2014,2014,1
1470,miley cyrus,9,2008,2014,7
1471,milli vanilli,6,1989,1990,2
1472,mims,1,2007,2007,1
1473,minnie riperton,1,1975,1975,1
1474,mint condition,1,1992,1992,1
1475,miranda lambert,2,2010,2013,4
1476,miranda lambert and carrie underwood,1,2014,2014,1
1477,missy elliott,3,2001,2003,3
1478,missy elliott featuring ciara and fatman scoop,1,2005,2005,1
1479,missy elliott featuring da brat,1,1998,1998,1
1480,missy elliott featuring ludacris,2,2001,2003,3
1481,missy elliott featuring nas eve and qtip,1,2000,2000,1
1482,mitch ryder  the detroit wheels,1,1966,1966,1
1483,mkto,1,2014,2014,1
1484,mo thugs,1,1999,1999,1
1485,moby featuring gwen stefani,1,2001,2001,1
1486,mocedades,1,1974,1974,1
1487,mokenstef,1,1995,1995,1
1488,monica,8,1995,2004,10
1489,monifah,1,1998,1998,1
1490,montell jordan,3,1995,2000,6
1491,montell jordan featuring master p and silkk the shocker,1,1998,1998,1
1492,moody blues,1,1986,1986,1
1493,morris albert,1,1975,1975,1
1494,motherlode,1,1969,1969,1
1495,mountain,1,1970,1970,1
1496,mouth  macneal,1,1972,1972,1
1497,moving pictures,1,1983,1983,1
1498,mr big,2,1992,1992,1
1499,mr cheeks,1,2002,2002,1
1500,mr mister,2,1986,1986,1
1501,mr president,1,1997,1997,1
1502,mr probz,1,2015,2015,1
1503,mumford  sons,1,2013,2013,1
1504,mungo jerry,1,1970,1970,1
1505,murray head,1,1985,1985,1
1506,murray head  the trindad singers,1,1971,1971,1
1507,musical youth,1,1983,1983,1
1508,musiq soulchild,2,2001,2002,2
1509,my chemical romance,1,2007,2007,1
1510,mystikal,1,2000,2000,1
1511,mystikal featuring nivea,1,2001,2001,1
1512,n ii u,1,1995,1995,1
1513,n sync,6,1998,2002,5
1514,n sync and gloria estefan,1,1999,1999,1
1515,n sync featuring nelly,1,2002,2002,1
1516,n2deep,1,1992,1992,1
1517,naked eyes,2,1983,1983,1
1518,nancy sinatra,1,1966,1966,1
1519,nas,1,2003,2003,1
1520,nas and bravehearts,1,2001,2001,1
1521,natalie,1,2005,2005,1
1522,natalie cole,4,1977,1989,13
1523,natalie la rose featuring jeremih,1,2015,2015,1
1524,natalie merchant,3,1995,1996,2
1525,natasha bedingfield,3,2005,2008,4
1526,natasha bedingfield featuring sean kingston,1,2008,2008,1
1527,natural selection,1,1991,1991,1
1528,naughty boy featuring sam smith,1,2014,2014,1
1529,naughty by nature,3,1991,1995,5
1530,naughty by nature featuring zhane,1,1999,1999,1
1531,nazareth,1,1976,1976,1
1532,neil  dara sedaka,1,1980,1980,1
1533,neil diamond,12,1966,1982,17
1534,neil diamond  barbra streisand,1,1979,1979,1
1535,neil sedaka,2,1975,1976,2
1536,neil sedaka  elton john,1,1975,1975,1
1537,neil young,1,1972,1972,1
1538,nelly,5,2000,2011,12
1539,nelly featuring city spud,1,2001,2001,1
1540,nelly featuring jaheim,1,2004,2004,1
1541,nelly featuring kelly rowland,1,2002,2002,1
1542,nelly featuring st lunatics,1,2003,2003,1
1543,nelly featuring tim mcgraw,2,2004,2005,2
1544,nelly furtado,4,2001,2007,7
1545,nelly furtado featuring timbaland,1,2006,2006,1
1546,nelly p diddy and murphy lee,1,2003,2003,1
1547,nelly paul wall and ali  gipp,1,2006,2006,1
1548,nelson,2,1990,1991,2
1549,nena,1,1984,1984,1
1550,neneh cherry,1,1989,1989,1
1551,neon trees,3,2010,2012,3
1552,new boyz featuring ray j,1,2010,2010,1
1553,new boyz featuring the cataracs and dev,1,2011,2011,1
1554,new colony six,1,1969,1969,1
1555,new edition,4,1985,1997,13
1556,new kids on the block,6,1989,1990,2
1557,new vaudeville band,1,1966,1966,1
1558,new york city,1,1973,1973,1
1559,next,5,1997,2000,4
1560,neyo,10,2006,2013,8
1561,neyo featuring juicy j,1,2015,2015,1
1562,nick cannon featuring r kelly,1,2004,2004,1
1563,nick gilder,1,1978,1978,1
1564,nick jonas,2,2015,2015,1
1565,nick lachey,1,2006,2006,1
1566,nickelback,11,2002,2009,8
1567,nicki french,1,1995,1995,1
1568,nicki minaj,5,2010,2014,5
1569,nicki minaj featuring drake,1,2011,2011,1
1570,nicki minaj featuring drake and lil wayne,1,2015,2015,1
1571,nicki minaj featuring drake lil wayne and chris brown,1,2015,2015,1
1572,nicky jam and enrique iglesias,1,2015,2015,1
1573,nico  vinz,1,2014,2014,1
1574,nicole featuring missy elliott and mocha,1,1998,1998,1
1575,nicolette larson,1,1979,1979,1
1576,nigel olsson,1,1979,1979,1
1577,night ranger,3,1984,1985,2
1578,nina sky,1,2004,2004,1
1579,nine days,1,2000,2000,1
1580,nirvana,1,1992,1992,1
1581,nitty gritty dirt band,1,1971,1971,1
1582,nivea featuring jagged edge,1,2003,2003,1
1583,no doubt,3,1996,2004,9
1584,no doubt featuring bounty killer,1,2002,2002,1
1585,no doubt featuring lady saw,2,2002,2003,2
1586,no mercy,2,1996,1997,2
1587,norah jones,1,2003,2003,1
1588,nore,1,2002,2002,1
1589,norman greenbaum,1,1970,1970,1
1590,nu flavor,1,1998,1998,1
1591,nu shooz,1,1986,1986,1
1592,o c smith,1,1968,1968,1
1593,oasis,1,1996,1996,1
1594,ocean,1,1971,1971,1
1595,odyssey,1,1978,1978,1
1596,of monsters and men,1,2013,2013,1
1597,ohio express,1,1968,1968,1
1598,ohio players,4,1973,1976,4
1599,oleta adams,1,1991,1991,1
1600,oliver,2,1969,1969,1
1601,olivia newtonjohn,12,1971,1984,14
1602,olivia newtonjohn  cliff richard,1,1981,1981,1
1603,ollie  jerry,1,1984,1984,1
1604,olly murs featuring flo rida,1,2013,2013,1
1605,omarion,1,2005,2005,1
1606,omarion featuring chris brown and jhene aiko,1,2015,2015,1
1607,omarion featuring timbaland,1,2007,2007,1
1608,omi,1,2015,2015,1
1609,one direction,5,2012,2015,4
1610,onerepublic,7,2008,2014,7
1611,onyx,1,1993,1993,1
1612,orchestral manoeuvres in the dark,1,1986,1986,1
1613,orianthi,1,2010,2010,1
1614,original cast of godspell,1,1972,1972,1
1615,orleans,2,1975,1976,2
1616,ot genasis,1,2015,2015,1
1617,otis redding,1,1968,1968,1
1618,otown,1,2001,2001,1
1619,outkast,5,1996,2004,9
1620,outkast featuring killer mike,1,2002,2002,1
1621,outkast featuring sleepy brown,1,2004,2004,1
1622,owl city,2,2009,2010,2
1623,owl city and carly rae jepsen,1,2012,2012,1
1624,ozark mountain daredevils,1,1975,1975,1
1625,p diddy featuring ginuwine loon and mario winans,1,2002,2002,1
1626,p diddy featuring usher and loon,1,2002,2002,1
1627,pablo cruise,3,1977,1981,5
1628,pacific gas  electric,1,1970,1970,1
1629,panic at the disco,1,2006,2006,1
1630,papa roach,1,2005,2005,1
1631,paper lace,1,1974,1974,1
1632,paperboy,1,1993,1993,1
1633,paramore,3,2010,2014,5
1634,parliament,2,1976,1978,3
1635,passenger,2,2013,2014,2
1636,pat benatar,5,1980,1985,6
1637,patrick hernandez,1,1979,1979,1
1638,patrick swayze featuring wendy fraser,1,1988,1988,1
1639,patti austin and james ingram,1,1983,1983,1
1640,patti labelle and michael mcdonald,1,1986,1986,1
1641,patti page,1,1965,1965,1
1642,patti smith group,1,1978,1978,1
1643,patty duke,1,1965,1965,1
1644,patty smyth,1,1992,1992,1
1645,paul  linda mccartney,1,1971,1971,1
1646,paul anka,3,1974,1976,3
1647,paul anka  odia coates,1,1975,1975,1
1648,paul carrack,1,1988,1988,1
1649,paul davis,3,1978,1982,5
1650,paul mauriat,1,1968,1968,1
1651,paul mccartney,5,1971,1986,16
1652,paul mccartney  wings,3,1973,1975,3
1653,paul mccartney and michael jackson,1,1984,1984,1
1654,paul mccartney and stevie wonder,1,1982,1982,1
1655,paul mccartney and wings,3,1974,1974,1
1656,paul revere  the raiders,5,1966,1971,6
1657,paul simon,5,1972,1978,7
1658,paul stookey,1,1971,1971,1
1659,paul young,2,1985,1990,6
1660,paula abdul,7,1989,1992,4
1661,paula abdul and the wild pair,1,1990,1990,1
1662,paula cole,2,1997,1998,2
1663,paula deanda featuring the dey,1,2007,2007,1
1664,peabo bryson,1,1984,1984,1
1665,peabo bryson and regina belle,1,1993,1993,1
1666,peabo bryson and roberta flack,1,1983,1983,1
1667,peaches  herb,4,1967,1980,14
1668,pearl jam,2,1996,1999,4
1669,pebbles,3,1988,1990,3
1670,people,1,1968,1968,1
1671,percy sledge,2,1966,1968,3
1672,perry como,1,1971,1971,1
1673,pet shop boys,2,1986,1988,3
1674,pet shop boys with dusty springfield,1,1988,1988,1
1675,pete townshend,1,1980,1980,1
1676,peter and gordon,4,1965,1966,2
1677,peter brown,1,1978,1978,1
1678,peter cetera,2,1986,1988,3
1679,peter cetera and amy grant,1,1987,1987,1
1680,peter frampton,3,1976,1977,2
1681,peter gabriel,2,1986,1987,2
1682,peter mccann,1,1977,1977,1
1683,peter paul and mary,1,1967,1967,1
1684,peter schilling,1,1984,1984,1
1685,petey pablo,1,2004,2004,1
1686,petula clark,5,1965,1967,3
1687,pharrell featuring jayz,1,2003,2003,1
1688,pharrell williams,1,2014,2014,1
1689,phil collins,13,1983,1994,12
1690,phil collins and marilyn martin,1,1985,1985,1
1691,philip bailey and phil collins,1,1985,1985,1
1692,phillip phillips,3,2012,2013,2
1693,phoebe snow,1,1975,1975,1
1694,pilot,1,1975,1975,1
1695,pink,17,2000,2013,14
1696,pink featuring nate ruess,1,2013,2013,1
1697,pink floyd,2,1973,1980,8
1698,pitbull,3,2009,2012,4
1699,pitbull and neyo,1,2015,2015,1
1700,pitbull featuring chris brown,1,2012,2012,1
1701,pitbull featuring christina aguilera,1,2013,2013,1
1702,pitbull featuring kesha,1,2014,2014,1
1703,pitbull featuring neyo afrojack and nayer,1,2011,2011,1
1704,pitbull featuring tpain,1,2011,2011,1
1705,plain white ts,1,2007,2007,1
1706,planet soul,1,1996,1996,1
1707,player,2,1978,1978,1
1708,plies featuring akon,1,2008,2008,1
1709,plies featuring neyo,1,2008,2008,1
1710,plies featuring tpain,1,2007,2007,1
1711,pm dawn,4,1992,1993,2
1712,pointer sisters,2,1984,1984,1
1713,poison,4,1988,1991,4
1714,portrait,1,1993,1993,1
1715,positive k,1,1993,1993,1
1716,power station,1,1985,1985,1
1717,pras michel featuring ol dirty bastard and m'ya,1,1998,1998,1
1718,pretty poison,1,1988,1988,1
1719,pretty ricky,3,2005,2007,3
1720,prince,9,1980,1994,15
1721,prince and the new power generation,3,1991,1993,3
1722,prince and the revolution,3,1984,1986,3
1723,procol harum,1,1967,1967,1
1724,pseudo echo,1,1987,1987,1
1725,psy,2,2012,2013,2
1726,public announcement,1,1998,1998,1
1727,puddle of mudd,2,2002,2003,2
1728,puff daddy featuring faith evans and 112,1,1997,1997,1
1729,puff daddy featuring jimmy page,1,1998,1998,1
1730,puff daddy featuring mase,1,1997,1997,1
1731,puff daddy featuring r kelly,1,1999,1999,1
1732,puff daddy featuring the notorious big and busta rhymes,1,1998,1998,1
1733,puff daddy featuring the notorious big and mase,1,1998,1998,1
1734,pure prairie league,1,1980,1980,1
1735,pussycat dolls,3,2006,2009,4
1736,pussycat dolls featuring snoop dogg,1,2006,2006,1
1737,pussycat dolls featuring william,1,2006,2006,1
1738,quad city djs,1,1996,1996,1
1739,quarterflash,2,1982,1983,2
1740,queen,8,1975,1992,18
1741,queen latifah,1,1994,1994,1
1742,"queensr""yche",1,1991,1991,1
1743,quiet riot,1,1984,1984,1
1744,quincy jones featuring james ingram,1,1982,1982,1
1745,r city featuring adam levine,1,2015,2015,1
1746,r dean taylor,1,1970,1970,1
1747,r kelly,13,1994,2004,11
1748,r kelly and celine dion,1,1999,1999,1
1749,r kelly featuring jayz,1,2001,2001,1
1750,r kelly featuring the isley brothers,1,1996,1996,1
1751,r kelly featuring ti and tpain,1,2007,2007,1
1752,r kelly featuring usher,1,2007,2007,1
1753,rachel platten,1,2015,2015,1
1754,rae sremmurd,1,2015,2015,1
1755,ralph tresvant,1,1991,1991,1
1756,ramsey lewis trio,1,1965,1965,1
1757,randy houser,1,2013,2013,1
1758,randy newman,1,1978,1978,1
1759,randy vanwarmer,1,1979,1979,1
1760,raphael saadiq,1,1995,1995,1
1761,rare earth,3,1970,1971,2
1762,rascal flatts,2,2006,2006,1
1763,raspberries,1,1972,1972,1
1764,ratt,1,1984,1984,1
1765,ray charles,2,1966,1967,2
1766,ray conniff singers,1,1966,1966,1
1767,ray goodman  brown,1,1980,1980,1
1768,ray j,2,1997,2006,10
1769,ray j featuring yung berg,1,2008,2008,1
1770,ray parker jr,3,1982,1984,3
1771,ray stevens,4,1969,1975,7
1772,raydio,3,1978,1981,4
1773,ready for the world,2,1985,1987,3
1774,real mccoy,5,1994,1997,4
1775,red hot chili peppers,5,1992,2007,16
1776,redbone,2,1972,1974,3
1777,rednex,1,1995,1995,1
1778,regina,1,1986,1986,1
1779,rem,3,1989,1991,3
1780,reo speedwagon,4,1981,1985,5
1781,restless heart,1,1993,1993,1
1782,rex smith,1,1979,1979,1
1783,rhythm heritage,1,1976,1976,1
1784,rich boy featuring polow da don,1,2007,2007,1
1785,rich gang featuring young thug and rich homie quan,1,2014,2014,1
1786,rich homie quan,1,2015,2015,1
1787,richard harris,1,1968,1968,1
1788,richard marx,10,1987,1994,8
1789,richie havens,1,1971,1971,1
1790,rick astley,4,1988,1991,4
1791,rick dees  his cast of idiots,1,1976,1976,1
1792,rick james,1,1978,1978,1
1793,rick ross featuring tpain,1,2008,2008,1
1794,rick springfield,5,1972,1984,13
1795,rickie lee jones,1,1979,1979,1
1796,ricky martin,2,1999,1999,1
1797,ricky martin and christina aguilera,1,2001,2001,1
1798,ricky nelson,1,1972,1972,1
1799,right said fred,1,1992,1992,1
1800,rihanna,19,2005,2015,11
1801,rihanna featuring calvin harris,2,2011,2012,2
1802,rihanna featuring chris brown,1,2012,2012,1
1803,rihanna featuring drake,1,2011,2011,1
1804,rihanna featuring jayz,1,2007,2007,1
1805,rihanna featuring jeezy,1,2010,2010,1
1806,rihanna featuring mikky ekko,1,2013,2013,1
1807,rihanna featuring neyo,1,2008,2008,1
1808,rihanna featuring sean paul,1,2007,2007,1
1809,rihanna kanye west and paul mccartney,1,2015,2015,1
1810,ringo starr,5,1971,1975,5
1811,rita coolidge,2,1977,1978,2
1812,rixton,1,2014,2014,1
1813,rob thomas,2,2005,2009,5
1814,robbie dupree,1,1980,1980,1
1815,robbie nevil,1,1987,1987,1
1816,robert john,2,1972,1979,8
1817,robert knight,1,1967,1967,1
1818,robert miles,1,1996,1996,1
1819,robert palmer,5,1978,1988,11
1820,robert parker,1,1966,1966,1
1821,roberta flack,4,1972,1982,11
1822,roberta flack  donny hathaway,2,1972,1978,7
1823,robin mcnamara,1,1970,1970,1
1824,robin s,1,1993,1993,1
1825,robin thicke,1,2007,2007,1
1826,robin thicke featuring ti and pharrell,1,2014,2014,1
1827,robin thicke featuring ti and pharrell williams,1,2013,2013,1
1828,robyn,2,1997,1998,2
1829,rocko featuring future and rick ross,1,2013,2013,1
1830,rockwell,1,1984,1984,1
1831,rocky burnette,1,1980,1980,1
1832,rod stewart,14,1971,1993,23
1833,rodney atkins,1,2011,2011,1
1834,roger miller,1,1965,1965,1
1835,roger troutman,1,1988,1988,1
1836,roger voudouris,1,1979,1979,1
1837,roger williams,1,1966,1966,1
1838,rome,1,1997,1997,1
1839,ronnie dyson,1,1970,1970,1
1840,ronnie milsap,4,1977,1982,6
1841,rosanne cash,1,1981,1981,1
1842,rose royce,2,1977,1977,1
1843,roxette,6,1989,1991,3
1844,roy head,1,1965,1965,1
1845,royal philharmonic orchestra,1,1982,1982,1
1846,ruben studdard,2,2003,2004,2
1847,ruff endz,1,2000,2000,1
1848,rufus,2,1975,1976,2
1849,rufus  chaka khan,1,1974,1974,1
1850,rundmc,1,1986,1986,1
1851,rupert holmes,2,1980,1980,1
1852,ryan cabrera,2,2004,2005,2
1853,rythm syndicate,1,1991,1991,1
1854,s club 7,1,2001,2001,1
1855,sade,2,1985,1986,2
1856,safire,1,1989,1989,1
1857,sailcat,1,1972,1972,1
1858,saltnpepa,2,1991,1994,4
1859,saltnpepa and en vogue,1,1994,1994,1
1860,sam  dave,1,1967,1967,1
1861,sam and dave,1,1968,1968,1
1862,sam cooke,1,1965,1965,1
1863,sam hunt,3,2014,2015,2
1864,sam smith,4,2014,2015,2
1865,sam the sham and the pharaohs,2,1965,1966,2
1866,samantha fox,3,1987,1989,3
1867,samantha mumba,1,2000,2000,1
1868,samantha sang,1,1978,1978,1
1869,sammi smith,1,1971,1971,1
1870,sammie,1,2000,2000,1
1871,sammy davis jr,2,1969,1972,4
1872,sammy hagar,1,1983,1983,1
1873,sammy johns,1,1975,1975,1
1874,sandy posey,2,1966,1967,2
1875,sanfordtownsend band,1,1977,1977,1
1876,santa esmeralda,1,1978,1978,1
1877,santana,2,1970,1981,12
1878,santana featuring alex band,2,2003,2004,2
1879,santana featuring chad kroeger,1,2008,2008,1
1880,santana featuring michelle branch,1,2003,2003,1
1881,santana featuring rob thomas,2,1999,2000,2
1882,santana featuring the product gb,1,2000,2000,1
1883,sara bareilles,4,2008,2014,7
1884,sarah mclachlan,3,1997,1999,3
1885,savage garden,4,1997,2000,4
1886,saving abel,1,2008,2008,1
1887,scandal,1,1984,1984,1
1888,scarface featuring 2pac and johnny p,1,1997,1997,1
1889,schoolboy q featuring bj the chicago kid,1,2014,2014,1
1890,scorpions,1,1991,1991,1
1891,scott mckenzie,1,1967,1967,1
1892,scritti politti,1,1986,1986,1
1893,seal,5,1991,1997,7
1894,seals and crofts,2,1973,1976,4
1895,sean kingston,3,2007,2009,3
1896,sean kingston and justin bieber,1,2010,2010,1
1897,sean paul,6,2002,2006,5
1898,sean paul featuring keyshia cole,1,2006,2006,1
1899,sean paul featuring sasha,1,2004,2004,1
1900,secondhand serenade,1,2008,2008,1
1901,seduction,1,1990,1990,1
1902,selena gomez,2,2013,2015,3
1903,selena gomez  the scene,3,2010,2012,3
1904,selena gomez featuring aap rocky,1,2015,2015,1
1905,sergio mendes,3,1968,1983,16
1906,shadows of knight,1,1966,1966,1
1907,shaggy,2,1995,2001,7
1908,shaggy featuring rikrok,1,2001,2001,1
1909,shai,3,1993,1993,1
1910,shakespears sister,1,1992,1992,1
1911,shakira,3,2002,2009,8
1912,shakira featuring alejandro sanz,1,2005,2005,1
1913,shakira featuring rihanna,1,2014,2014,1
1914,shakira featuring wyclef jean,1,2006,2006,1
1915,shalamar,3,1980,1984,5
1916,shania twain,5,1998,2003,6
1917,shanice,2,1992,1993,2
1918,shannon,1,1984,1984,1
1919,shaun cassidy,3,1977,1978,2
1920,shawn colvin,1,1997,1997,1
1921,shawn mendes,1,2015,2015,1
1922,shawn mullins,1,1999,1999,1
1923,sheena easton,7,1981,1989,9
1924,sheila e,2,1984,1986,3
1925,sheriff,1,1989,1989,1
1926,sheryl crow,8,1994,2004,11
1927,shinedown,1,2009,2009,1
1928,shirley bassey,1,1965,1965,1
1929,shirley ellis,1,1965,1965,1
1930,shocking blue,1,1970,1970,1
1931,shontelle,1,2010,2010,1
1932,shop boyz,1,2007,2007,1
1933,shorty long,1,1968,1968,1
1934,sia,3,2014,2015,2
1935,silento,1,2015,2015,1
1936,silk,2,1993,1999,7
1937,silver,1,1976,1976,1
1938,silver convention,2,1976,1976,1
1939,simon  garfunkel,7,1966,1970,5
1940,simple minds,2,1985,1986,2
1941,simply red,2,1986,1989,4
1942,sinead oconnor,1,1990,1990,1
1943,sir douglas quintet,1,1965,1965,1
1944,sir mixalot,1,1992,1992,1
1945,sisqo,2,2000,2000,1
1946,sister hazel,2,1997,1998,2
1947,sister janet mead,1,1974,1974,1
1948,sister sledge,2,1979,1979,1
1949,sixpence none the richer,1,1999,1999,1
1950,skeelo,1,1995,1995,1
1951,skid row,2,1989,1990,2
1952,skrillex and diplo featuring justin bieber,1,2015,2015,1
1953,skylark,1,1973,1973,1
1954,slim harpo,1,1966,1966,1
1955,sly  the family stone,6,1968,1973,6
1956,sly fox,1,1986,1986,1
1957,smash mouth,2,1999,2000,2
1958,smith,1,1969,1969,1
1959,smokey robinson,3,1980,1987,8
1960,snap,3,1990,1993,4
1961,snoop dogg,1,2008,2008,1
1962,snoop dogg and wiz khalifa featuring bruno mars,1,2012,2012,1
1963,snoop dogg featuring pharrell,2,2004,2005,2
1964,snoop dogg featuring pharrell and charlie wilson,1,2003,2003,1
1965,snoop dogg featuring r kelly,1,2007,2007,1
1966,snoop doggy dogg,2,1994,1994,1
1967,snow,1,1993,1993,1
1968,snow patrol,2,2006,2007,2
1969,soft cell,1,1982,1982,1
1970,somethin for the people featuring trina  tamara,2,1997,1998,2
1971,son by four,1,2000,2000,1
1972,sonique,1,2000,2000,1
1973,sonny  cher,4,1965,1972,8
1974,sonny bono,1,1965,1965,1
1975,sophie b hawkins,3,1992,1996,5
1976,soul asylum,2,1993,1995,3
1977,soul for real,2,1995,1995,1
1978,soul ii soul,1,1989,1989,1
1979,soul ii soul featuring caron wheeler,1,1990,1990,1
1980,souldecision featuring thrust,1,2000,2000,1
1981,soulja boy tell em,3,2007,2009,3
1982,soulja boy tell em featuring sammie,1,2009,2009,1
1983,sounds orchestral,1,1965,1965,1
1984,spandau ballet,1,1983,1983,1
1985,spice girls,5,1997,1998,2
1986,spin doctors,1,1993,1993,1
1987,spiral starecase,1,1969,1969,1
1988,ssgt barry sadler,1,1966,1966,1
1989,stacey q,1,1986,1986,1
1990,staind,1,2001,2001,1
1991,starbuck,1,1976,1976,1
1992,starland vocal band,1,1976,1976,1
1993,starpoint,1,1986,1986,1
1994,stars on 45,1,1981,1981,1
1995,starship,3,1985,1987,3
1996,status quo,1,1968,1968,1
1997,stealers wheel,1,1973,1973,1
1998,steely dan,6,1973,1981,9
1999,stephen bishop,2,1977,1983,7
2000,steppenwolf,2,1968,1968,1
2001,steve forbert,1,1980,1980,1
2002,steve holy,1,2002,2002,1
2003,steve miller band,5,1974,1982,9
2004,steve perry,1,1984,1984,1
2005,steve winwood,6,1981,1988,8
2006,stevie b,2,1991,1995,5
2007,stevie nicks,3,1982,1986,5
2008,stevie nicks  tom petty,1,1981,1981,1
2009,stevie nicks and don henley,1,1982,1982,1
2010,stevie wonder,22,1966,1986,21
2011,sting,6,1985,1993,9
2012,sting featuring cheb mami,1,2000,2000,1
2013,stories,1,1973,1973,1
2014,strawberry alarm clock,1,1967,1967,1
2015,stray cats,2,1983,1983,1
2016,styx,9,1975,1991,17
2017,subway featuring 702,1,1995,1995,1
2018,sugar ray,3,1999,2001,3
2019,sugarland,1,2010,2010,1
2020,sugarloaf,2,1970,1975,6
2021,sunshine anderson,1,2001,2001,1
2022,supertramp,3,1977,1980,4
2023,surface,2,1989,1991,3
2024,survivor,5,1982,1987,6
2025,suzanne vega,1,1987,1987,1
2026,suzi quatro  chris norman,1,1979,1979,1
2027,swedish house mafia featuring john martin,1,2013,2013,1
2028,sweet,4,1973,1978,6
2029,sweet inspirations,1,1968,1968,1
2030,sweet sensation,1,1990,1990,1
2031,swing out sister,1,1987,1987,1
2032,switchfoot,1,2004,2004,1
2033,swv,5,1993,1996,4
2034,swv and puff daddy,1,1997,1997,1
2035,sylke fyne featuring chill,1,1998,1998,1
2036,sylvia,1,1973,1973,1
2037,t rex,1,1972,1972,1
2038,taco,1,1983,1983,1
2039,tag team,2,1993,1994,2
2040,taio cruz,2,2010,2011,2
2041,taio cruz featuring ludacris,1,2010,2010,1
2042,take that,2,1995,1996,2
2043,tal bachman,1,1999,1999,1
2044,tamia,1,2001,2001,1
2045,tara kemp,2,1991,1991,1
2046,tatyana ali,1,1998,1998,1
2047,tavares,2,1975,1976,2
2048,taylor dayne,8,1988,1993,6
2049,taylor hicks,1,2006,2006,1
2050,taylor swift,19,2007,2015,9
2051,taylor swift featuring kendrick lamar,1,2015,2015,1
2052,tears for fears,5,1985,1993,9
2053,technotronic featuring felly,1,1990,1990,1
2054,technotronic featuring ya kid k,2,1990,1992,3
2055,teddy geiger,1,2006,2006,1
2056,tee set,1,1970,1970,1
2057,teena marie,1,1985,1985,1
2058,terence trent darby,2,1988,1988,1
2059,teri desario  kc,1,1980,1980,1
2060,terri gibbs,1,1981,1981,1
2061,terror squad,1,2004,2004,1
2062,terry jacks,1,1974,1974,1
2063,tesla,2,1990,1991,2
2064,tevin campbell,5,1991,1994,4
2065,thal'ia featuring fat joe,1,2003,2003,1
2066,the 5th dimension,6,1967,1972,6
2067,the ad libs,1,1965,1965,1
2068,the alan parsons project,3,1981,1982,2
2069,the allamerican rejects,4,2006,2009,4
2070,the allman brothers band,1,1973,1973,1
2071,the american breed,1,1968,1968,1
2072,the animals,2,1965,1968,4
2073,the archies,1,1969,1969,1
2074,the association,3,1966,1967,2
2075,the b52s,3,1989,1990,2
2076,the babys,1,1979,1979,1
2077,the band perry,2,2010,2011,2
2078,the bangles,5,1986,1989,4
2079,the barkays,1,1967,1967,1
2080,the beach boys,8,1965,1988,24
2081,the beatles,17,1965,1976,12
2082,the beatles with billy preston,1,1969,1969,1
2083,the beau brummels,2,1965,1965,1
2084,the bee gees,1,1968,1968,1
2085,the beginning of the end,1,1971,1971,1
2086,the bellamy brothers,1,1976,1976,1
2087,the bells,1,1971,1971,1
2088,the black eyed peas,16,2003,2011,9
2089,the blackbyrds,1,1975,1975,1
2090,the blackout allstars,1,1997,1997,1
2091,the box tops,4,1967,1969,3
2092,the brotherhood of man,1,1970,1970,1
2093,the brothers johnson,3,1976,1980,5
2094,the buckinghams,3,1967,1967,1
2095,the buoys,1,1971,1971,1
2096,the byrds,1,1965,1965,1
2097,the calling,1,2002,2002,1
2098,the capitols,1,1966,1966,1
2099,the carpenters,11,1970,1975,6
2100,the cars,5,1982,1986,5
2101,the casinos,1,1967,1967,1
2102,the chakachas,1,1972,1972,1
2103,the chambers brothers,1,1968,1968,1
2104,the charlie daniels band,1,1979,1979,1
2105,the chilites,1,1972,1972,1
2106,the clash,1,1983,1983,1
2107,the click five,1,2005,2005,1
2108,the cover girls,2,1990,1992,3
2109,the cowsills,3,1967,1969,3
2110,the cranberries,2,1994,1997,4
2111,the crazy world of arthur brown,1,1968,1968,1
2112,the cuff links,1,1969,1969,1
2113,the cure,2,1989,1992,4
2114,the cyrkle,1,1966,1966,1
2115,the dave clark five,2,1965,1965,1
2116,the delfonics,2,1968,1970,3
2117,the dells,2,1968,1969,2
2118,the detroit emeralds,1,1972,1972,1
2119,the dirt band,1,1980,1980,1
2120,the doobie brothers,3,1973,1979,7
2121,the doors,5,1967,1971,5
2122,the dramatics,2,1971,1972,2
2123,the easybeats,1,1967,1967,1
2124,the electric prunes,1,1967,1967,1
2125,the emotions,1,1977,1977,1
2126,the escape club,2,1988,1991,4
2127,the esquires,1,1967,1967,1
2128,the fireballs,1,1968,1968,1
2129,the first class,1,1974,1974,1
2130,the floaters,1,1977,1977,1
2131,the flying machine,1,1969,1969,1
2132,the fortunes,2,1965,1971,7
2133,the foundations,2,1968,1969,2
2134,the four seasons,2,1976,1994,19
2135,the four tops,3,1966,1973,8
2136,the fray,5,2006,2009,4
2137,the free movement,1,1971,1971,1
2138,the friends of distinction,3,1969,1970,2
2139,the fuzz,1,1971,1971,1
2140,the game featuring 50 cent,2,2005,2005,1
2141,the game featuring lil wayne,1,2008,2008,1
2142,the gogos,4,1982,1984,3
2143,the grass roots,4,1967,1971,5
2144,the greg kihn band,2,1981,1983,3
2145,the guess who,4,1969,1970,2
2146,the guess who featuring wolfman jack,1,1974,1974,1
2147,the happenings,2,1966,1967,2
2148,the heights,2,1992,1993,2
2149,the hillside singers,1,1972,1972,1
2150,the hollies,6,1966,1974,9
2151,the hombres,1,1967,1967,1
2152,the honey cone,1,1971,1971,1
2153,the honeydrippers,1,1985,1985,1
2154,the hues corporation,1,1974,1974,1
2155,the human beinz,1,1968,1968,1
2156,the human league,3,1982,1986,5
2157,the ides of march,1,1970,1970,1
2158,the intruders,1,1968,1968,1
2159,the irish rovers,1,1968,1968,1
2160,the isley brothers,4,1969,1975,7
2161,the isley brothers featuring r kelly and chante moore,1,2001,2001,1
2162,the j geils band,2,1982,1982,1
2163,the jackson 5,7,1970,1974,5
2164,the jacksons,3,1977,1984,8
2165,the jaggerz,1,1970,1970,1
2166,the jeff healey band,1,1989,1989,1
2167,the jets,5,1986,1988,3
2168,the killers,1,2005,2005,1
2169,the kingsmen,1,1965,1965,1
2170,the kinks,4,1965,1983,19
2171,the klf,2,1991,1992,2
2172,the knack,1,1979,1979,1
2173,the left banke,1,1966,1966,1
2174,the lemon pipers,1,1968,1968,1
2175,the lettermen,2,1968,1969,2
2176,the lovin spoonful,3,1965,1966,2
2177,the lox featuring dmx and lil kim,1,1998,1998,1
2178,the lumineers,2,2012,2013,2
2179,the main ingredient,2,1972,1974,3
2180,the mamas  the papas,3,1966,1967,2
2181,the manhattan transfer,1,1981,1981,1
2182,the manhattans,2,1976,1980,5
2183,the marshall tucker band,1,1977,1977,1
2184,the marvelettes,1,1966,1966,1
2185,the mccoys,1,1965,1965,1
2186,the mills brothers,1,1968,1968,1
2187,the mindbenders,1,1966,1966,1
2188,the miracles,5,1965,1976,12
2189,the moments,1,1970,1970,1
2190,the monkees,5,1966,1967,2
2191,the moody blues,2,1965,1972,8
2192,the motels,1,1982,1982,1
2193,the music explosion,1,1967,1967,1
2194,the neighbourhood,1,2014,2014,1
2195,the new seekers,2,1970,1972,3
2196,the notorious big,3,1995,1997,3
2197,the notorious big featuring puff daddy and mase,1,1997,1997,1
2198,the oak ridge boys,1,1981,1981,1
2199,the ojays,6,1972,1978,7
2200,the okaysions,1,1968,1968,1
2201,the originals,2,1969,1970,2
2202,the osmonds,3,1971,1972,2
2203,the outfield,1,1986,1986,1
2204,the outsiders,1,1966,1966,1
2205,the partridge family,2,1971,1971,1
2206,the pipkins,1,1970,1970,1
2207,the pointer sisters,6,1973,1985,13
2208,the police,5,1981,1984,4
2209,the poppy family,1,1970,1970,1
2210,the pretenders,4,1980,1995,16
2211,the proclaimers,1,1993,1993,1
2212,the pussycat dolls featuring busta rhymes,1,2005,2005,1
2213,the rascals,2,1968,1968,1
2214,the red jumpsuit apparatus,1,2007,2007,1
2215,the righteous brothers,5,1965,1974,10
2216,the rolling stones,13,1965,1984,20
2217,the romantics,1,1984,1984,1
2218,the royal guardsmen,1,1967,1967,1
2219,the sandpipers,2,1966,1970,5
2220,the script,2,2010,2011,2
2221,the script featuring william,1,2013,2013,1
2222,the searchers,1,1965,1965,1
2223,the seekers,2,1965,1967,3
2224,the shades of blue,1,1966,1966,1
2225,the smashing pumpkins,1,1996,1996,1
2226,the sos band,1,1980,1980,1
2227,the soul survivors,1,1967,1967,1
2228,the spencer davis group,1,1967,1967,1
2229,the spinners,7,1970,1980,11
2230,the stampeders,1,1971,1971,1
2231,the standells,1,1966,1966,1
2232,the staple singers,2,1972,1976,5
2233,the strangeloves,1,1965,1965,1
2234,the stylistics,4,1972,1974,3
2235,the supremes,10,1965,1970,6
2236,the supremes  the temptations,1,1969,1969,1
2237,the surfaris,1,1966,1966,1
2238,the sylvers,3,1976,1977,2
2239,the system,1,1987,1987,1
2240,the tbones,1,1966,1966,1
2241,the temptations,12,1965,1973,9
2242,the three degrees,1,1975,1975,1
2243,the time,2,1985,1990,6
2244,the tony rich project,1,1996,1996,1
2245,the trammps,1,1978,1978,1
2246,the tremeloes,2,1967,1967,1
2247,the troggs,2,1966,1968,3
2248,the tubes,1,1983,1983,1
2249,the turtles,6,1965,1969,5
2250,the undisputed truth,1,1971,1971,1
2251,the ventures,1,1969,1969,1
2252,the veronicas,1,2009,2009,1
2253,the verve,1,1998,1998,1
2254,the verve pipe,1,1997,1997,1
2255,the vogues,2,1966,1968,3
2256,the wanted,1,2012,2012,1
2257,the watts 103rd street rhythm band,1,1969,1969,1
2258,the weeknd,3,2015,2015,1
2259,the whispers,1,1987,1987,1
2260,the who,3,1967,1976,10
2261,the winstons,1,1969,1969,1
2262,the yardbirds,3,1965,1966,2
2263,the young rascals,4,1966,1967,2
2264,the youngbloods,1,1969,1969,1
2265,the zombies,2,1965,1969,5
2266,thedream,2,2008,2009,2
2267,thelma houston,1,1977,1977,1
2268,thin lizzy,1,1976,1976,1
2269,third eye blind,5,1997,2000,4
2270,thomas dolby,1,1983,1983,1
2271,thomas rhett,1,2013,2013,1
2272,thompson square,1,2011,2011,1
2273,thompson twins,3,1984,1986,3
2274,three 6 mafia,1,2008,2008,1
2275,three 6 mafia featuring young buck and 8ball  mjg,1,2006,2006,1
2276,three dog night,9,1969,1974,6
2277,ti,7,2005,2009,5
2278,ti featuring iggy azalea,1,2014,2014,1
2279,ti featuring justin timberlake,1,2009,2009,1
2280,ti featuring rihanna,2,2008,2009,2
2281,tierra,1,1981,1981,1
2282,tiffany,3,1987,1989,3
2283,til tuesday,1,1985,1985,1
2284,tim mcgraw,7,1994,2004,11
2285,tim mcgraw and faith hill,1,1997,1997,1
2286,tim mcgraw featuring taylor swift and keith urban,1,2013,2013,1
2287,timbaland  magoo featuring missy elliott and aaliyah,1,1997,1997,1
2288,timbaland featuring drake,1,2010,2010,1
2289,timbaland featuring justin timberlake,1,2010,2010,1
2290,timbaland featuring keri hilson,2,2007,2008,2
2291,timbaland featuring nelly furtado and justin timberlake,1,2007,2007,1
2292,timbaland featuring onerepublic,2,2007,2008,2
2293,timex social club,1,1986,1986,1
2294,timmy t,1,1991,1991,1
2295,timmy thomas,1,1973,1973,1
2296,tina turner,6,1984,1993,10
2297,tinashe featuring schoolboy q,1,2014,2014,1
2298,tinie tempah featuring eric turner,1,2011,2011,1
2299,tlc,10,1992,1999,8
2300,toad the wet sprocket,1,1992,1992,1
2301,toby beau,1,1978,1978,1
2302,toby keith,6,2000,2012,13
2303,toby keith featuring willie nelson,1,2003,2003,1
2304,todd rundgren,2,1972,1974,3
2305,tom cochrane,1,1992,1992,1
2306,tom jones,8,1965,1971,7
2307,tom petty,2,1990,1995,6
2308,tom petty and the heartbreakers,4,1980,1994,15
2309,tom t hall,1,1974,1974,1
2310,tommy boyce  bobby hart,1,1968,1968,1
2311,tommy james,1,1971,1971,1
2312,tommy james and the shondells,6,1966,1969,4
2313,tommy page,1,1990,1990,1
2314,tommy roe,3,1966,1969,4
2315,tommy tutone,1,1982,1982,1
2316,tone loc,2,1989,1989,1
2317,toni basil,1,1983,1983,1
2318,toni braxton,9,1993,2000,8
2319,tony joe white,1,1969,1969,1
2320,tony orlando and dawn,4,1971,1975,5
2321,tony toni tone,2,1993,1993,1
2322,total,3,1996,1997,2
2323,total featuring missy elliott,1,1999,1999,1
2324,total featuring the notorious big,1,1995,1995,1
2325,toto,5,1979,1986,8
2326,tove lo,3,2014,2015,2
2327,tower of power,1,1973,1973,1
2328,toya,2,2001,2002,2
2329,tpain,2,2005,2006,2
2330,tpain featuring akon,1,2007,2007,1
2331,tpain featuring lil wayne,1,2008,2008,1
2332,tpain featuring mike jones,1,2006,2006,1
2333,tpain featuring wiz khalifa and lily allen,1,2012,2012,1
2334,tpain featuring yung joc,1,2007,2007,1
2335,tpau,1,1987,1987,1
2336,tq,1,1998,1998,1
2337,trace adkins,1,2008,2008,1
2338,tracey ullman,1,1984,1984,1
2339,tracie spencer,1,1991,1991,1
2340,tracy chapman,2,1988,1996,9
2341,train,6,2000,2012,13
2342,trapt,1,2003,2003,1
2343,travie mccoy featuring bruno mars,1,2010,2010,1
2344,travis tritt,1,2001,2001,1
2345,trey songz,4,2008,2015,8
2346,trey songz featuring fabolous,1,2010,2010,1
2347,trey songz featuring nicki minaj,2,2010,2011,2
2348,trick daddy,1,2001,2001,1
2349,trick daddy featuring ludacris lil kim and cee lo green,1,2005,2005,1
2350,trillville featuring cutty,1,2005,2005,1
2351,truth hurts featuring rakim,1,2002,2002,1
2352,twayne,1,2015,2015,1
2353,tweet featuring missy elliott,1,2002,2002,1
2354,twista,1,2004,2004,1
2355,twista featuring kanye west and jamie foxx,1,2004,2004,1
2356,tyga,1,2012,2012,1
2357,tyler collins,1,1990,1990,1
2358,tyrese,2,1999,2003,5
2359,tyrone davis,2,1969,1970,2
2360,u2,7,1987,2001,15
2361,ub40,4,1988,1993,6
2362,ugly kid joe,2,1992,1993,2
2363,uncle kracker,2,2001,2010,10
2364,uncle kracker featuring dobie gray,1,2003,2003,1
2365,uncle sam,1,1998,1998,1
2366,unk,2,2007,2007,1
2367,us3,1,1994,1994,1
2368,usa for africa,1,1985,1985,1
2369,usher,14,1997,2012,16
2370,usher and alicia keys,2,2004,2005,2
2371,usher featuring juicy j,1,2015,2015,1
2372,usher featuring lil jon and ludacris,1,2004,2004,1
2373,usher featuring pitbull,2,2010,2011,2
2374,usher featuring plies,1,2010,2010,1
2375,usher featuring william,1,2010,2010,1
2376,usher featuring young jeezy,1,2008,2008,1
2377,van halen,6,1979,1995,17
2378,van mccoy  the soul city symphony,1,1975,1975,1
2379,van morrison,1,1967,1967,1
2380,vance joy,1,2015,2015,1
2381,vanessa carlton,1,2002,2002,1
2382,vanessa williams,4,1989,1995,7
2383,vanessa williams and brian mcknight,1,1993,1993,1
2384,vangelis,1,1982,1982,1
2385,vanilla fudge,1,1968,1968,1
2386,vanilla ice,2,1990,1991,2
2387,vanity fare,1,1970,1970,1
2388,various artists,1,1997,1997,1
2389,vertical horizon,1,2000,2000,1
2390,vic dana,1,1965,1965,1
2391,vicki lawrence,1,1973,1973,1
2392,vicki sue robinson,1,1976,1976,1
2393,vikki carr,1,1967,1967,1
2394,village people,2,1979,1979,1
2395,voices of theory,1,1998,1998,1
2396,wadsworth mansion,1,1971,1971,1
2397,waka flocka flame featuring wale and roscoe dash,1,2011,2011,1
2398,wale featuring tiara thomas,1,2013,2013,1
2399,walk the moon,1,2015,2015,1
2400,walter egan,1,1978,1978,1
2401,walter murphy  the big apple band,1,1976,1976,1
2402,wang chung,2,1984,1987,4
2403,war,7,1972,1976,5
2404,warrant,2,1989,1991,3
2405,warren g,2,1994,1997,4
2406,warren g featuring nate dogg,1,1994,1994,1
2407,wayne fontana  the mindbenders,1,1965,1965,1
2408,wayne newton,1,1972,1972,1
2409,wayne wonder,1,2003,2003,1
2410,we five,1,1965,1965,1
2411,webbie featuring bun b,1,2005,2005,1
2412,webbie featuring lil boosie and lil phat,1,2008,2008,1
2413,weezer,1,2005,2005,1
2414,westlife,1,2000,2000,1
2415,wet willie,1,1974,1974,1
2416,wham,4,1985,1986,2
2417,wham featuring george michael,1,1985,1985,1
2418,when in rome,1,1989,1989,1
2419,white lion,2,1988,1989,2
2420,white plains,1,1970,1970,1
2421,white town,1,1997,1997,1
2422,whitesnake,2,1987,1988,2
2423,whitney houston,19,1985,2000,16
2424,whitney houston and mariah carey,1,1999,1999,1
2425,whitney houston featuring cece winans,1,1996,1996,1
2426,whitney houston featuring faith evans and kelly price,1,1999,1999,1
2427,wild cherry,1,1976,1976,1
2428,will smith,3,1998,2005,8
2429,will smith featuring dru hill and kool moe dee,1,1999,1999,1
2430,will to power,2,1989,1991,3
2431,willa ford,1,2001,2001,1
2432,william devaughn,1,1974,1974,1
2433,william featuring britney spears,1,2013,2013,1
2434,william featuring justin bieber,1,2013,2013,1
2435,willie mitchell,1,1968,1968,1
2436,willie nelson,1,1982,1982,1
2437,wilson phillips,4,1990,1991,2
2438,wilson pickett,4,1966,1971,6
2439,wing and a prayer fife and drum corps,1,1976,1976,1
2440,winger,1,1991,1991,1
2441,wings,5,1975,1979,5
2442,wiz khalifa,3,2011,2012,2
2443,wiz khalifa featuring charlie puth,1,2015,2015,1
2444,wreckxneffect,1,1993,1993,1
2445,wyclef jean,1,1998,1998,1
2446,wyclef jean featuring akon lil wayne and niia,1,2008,2008,1
2447,x ambassadors,1,2015,2015,1
2448,xscape,4,1993,1998,6
2449,yes,2,1972,1984,13
2450,yg featuring jeezy and rich homie quan,1,2014,2014,1
2451,ying yang twins,1,2005,2005,1
2452,ying yang twins featuring lil jon  the east side boyz,1,2004,2004,1
2453,ylvis,1,2013,2013,1
2454,young dro featuring ti,1,2006,2006,1
2455,young gunz,1,2003,2003,1
2456,young jeezy featuring akon,2,2005,2006,2
2457,young jeezy featuring kanye west,1,2008,2008,1
2458,young jeezy featuring r kelly,1,2007,2007,1
2459,young mc,1,1989,1989,1
2460,young money,1,2009,2009,1
2461,young money featuring lloyd,1,2010,2010,1
2462,youngbloodz featuring lil jon,2,2003,2004,2
2463,yung joc,1,2006,2006,1
2464,yung joc featuring nitti,1,2006,2006,1
2465,yvonne elliman,1,1978,1978,1
2466,zac brown band,3,2009,2011,3
2467,zac brown band featuring jimmy buffett,1,2011,2011,1
2468,zager  evans,1,1969,1969,1
2469,zedd featuring foxes,1,2013,2013,1
2470,zedd featuring hayley williams,1,2014,2014,1
2471,zhane,2,1993,1994,2
2472,zz top,2,1984,1986,3
